Boro,Vol,geometry,congestion,congestion_level,timestamp,Agency Name,Problem (formerly Complaint Type),Problem Detail (formerly Descriptor),Location Type,Street Name
Queens,80,"POLYGON ((-73.81541389765073 40.74737074495193, -73.81541009509041 40.74874311612577, -73.81721463653965 40.74874599393325, -73.81721840192655 40.747373622700685, -73.81541389765073 40.74737074495193))",0.0355,0,2024-06-08 22:30:00,New York City Police Department,Illegal Parking,Blocked Sidewalk,Street/Sidewalk,OAK AVENUE
Bronx,69,"POLYGON ((-73.84214963396792 40.858153875054015, -73.84214637675906 40.859526222761566, -73.84395392515691 40.85952868162896, -73.84395714506833 40.858156333871264, -73.84214963396792 40.858153875054015))",0.122636364,0,2025-04-21 11:15:00,New York City Police Department,Blocked Driveway,Partial Access,Street/Sidewalk,EASTCHESTER ROAD
Manhattan,223,"POLYGON ((-73.9743296272132 40.78160532554132, -73.97432909811918 40.78297769274536, -73.97613457124638 40.78297808078293, -73.97613506312841 40.781605713570954, -73.9743296272132 40.78160532554132))",0.294327273,0,2025-06-21 12:30:00,New York City Police Department,Illegal Parking,Blocked Bike Lane,Street/Sidewalk,COLUMBUS AVENUE
Manhattan,72,"POLYGON ((-73.9743296272132 40.78160532554132, -73.97432909811918 40.78297769274536, -73.97613457124638 40.78297808078293, -73.97613506312841 40.781605713570954, -73.9743296272132 40.78160532554132))",-1.557481818,0,2025-06-22 06:30:00,New York City Police Department,Illegal Parking,Posted Parking Sign Violation,Street/Sidewalk,COLUMBUS AVENUE
Manhattan,115,"POLYGON ((-73.98885407294881 40.771882248225054, -73.9888538432528 40.773254617502765, -73.99065905282708 40.77325477798656, -73.99065924532198 40.77188240870558, -73.98885407294881 40.771882248225054))",0.523081633,0,2024-10-16 15:30:00,Department of Transportation,Street Condition,Pothole,,WEST END AVENUE
Manhattan,141,"POLYGON ((-73.99552426194508 40.72457471408772, -73.99552416977424 40.7259470926687, -73.99732809787078 40.72594714866016, -73.99732815289329 40.72457477007803, -73.99552426194508 40.72457471408772))",-0.572044304,0,2025-03-17 07:00:00,Department of Sanitation,Dumpster Complaint,Blocking Sidewalk or Street,Sidewalk,LAFAYETTE STREET
Queens,60,"POLYGON ((-73.86900785720935 40.74842256792471, -73.86900515866616 40.74979494040457, -73.87080973057344 40.74979697854617, -73.87081239194188 40.748424606024734, -73.86900785720935 40.74842256792471))",-0.238058824,0,2025-03-27 09:00:00,New York City Police Department,Blocked Driveway,No Access,Street/Sidewalk,40 ROAD
Manhattan,13,"POLYGON ((-73.91054710153593 40.87066408637457, -73.91054525534635 40.87203643253038, -73.91235314578083 40.87203781981599, -73.91235495465874 40.87066547363189, -73.91054710153593 40.87066408637457))",0.6745,0,2025-01-11 18:30:00,New York City Police Department,Illegal Parking,Paper License Plates,Street/Sidewalk,WEST  219 STREET
Brooklyn,758,"POLYGON ((-73.99797327580453 40.69365892477378, -73.99797323408666 40.69503130892571, -73.99977632571067 40.69503132655451, -73.99977633031466 40.693658942402216, -73.99797327580453 40.69365892477378))",0.019271429,0,2025-05-06 15:30:00,Department of Transportation,Street Light Condition,Street Light Out,,
Brooklyn,104,"POLYGON ((-73.97768430166774 40.68339112128719, -73.97768384239461 40.68476350715659, -73.97948665633055 40.68476384266147, -73.97948707850122 40.683391456785245, -73.97768430166774 40.68339112128719))",0.6745,0,2024-11-11 16:30:00,Department of Buildings,General Construction/Plumbing,Egress - Doors Locked/Blocked/Improper/No Secondary Means,,FLATBUSH AVENUE
Queens,82,"POLYGON ((-73.86900785720935 40.74842256792471, -73.86900515866616 40.74979494040457, -73.87080973057344 40.74979697854617, -73.87081239194188 40.748424606024734, -73.86900785720935 40.74842256792471))",0.634823529,0,2025-03-30 16:45:00,Department of Transportation,Traffic Signal Condition,Controller,,
Brooklyn,644,"POLYGON ((-73.99797327580453 40.69365892477378, -73.99797323408666 40.69503130892571, -73.99977632571067 40.69503132655451, -73.99977633031466 40.693658942402216, -73.99797327580453 40.69365892477378))",-1.0792,0,2025-05-08 17:00:00,Department of Transportation,Curb Condition,Broken Curb,Sidewalk,JORALEMON STREET
Bronx,7,"POLYGON ((-73.92786156576815 40.807569374029164, -73.92786007833753 40.80894173522378, -73.92966625525976 40.80894285127137, -73.9296677054494 40.807570490053976, -73.92786156576815 40.807569374029164))",-0.5396,0,2025-04-07 12:00:00,Department of Transportation,Traffic Signal Condition,Post,,
Queens,125,"POLYGON ((-73.86900785720935 40.74842256792471, -73.86900515866616 40.74979494040457, -73.87080973057344 40.74979697854617, -73.87081239194188 40.748424606024734, -73.86900785720935 40.74842256792471))",2.340911765,2,2025-03-27 18:15:00,Department of Transportation,Traffic Signal Condition,Controller,,
Queens,67,"POLYGON ((-73.86900785720935 40.74842256792471, -73.86900515866616 40.74979494040457, -73.87080973057344 40.74979697854617, -73.87081239194188 40.748424606024734, -73.86900785720935 40.74842256792471))",0.039676471,0,2025-03-31 14:00:00,Department of Transportation,Traffic Signal Condition,Bike Signal,,
Queens,98,"POLYGON ((-73.8244428013427 40.77554505048763, -73.82443918325161 40.776917416261746, -73.82624448858043 40.77692015259466, -73.82624806946662 40.77554778676471, -73.8244428013427 40.77554505048763))",0.953603448,0,2024-06-05 08:45:00,Department of Sanitation,Derelict Vehicles,Derelict Vehicles,Street,25 ROAD
Queens,88,"POLYGON ((-73.8244428013427 40.77554505048763, -73.82443918325161 40.776917416261746, -73.82624448858043 40.77692015259466, -73.82624806946662 40.77554778676471, -73.8244428013427 40.77554505048763))",0.721017241,0,2024-06-05 09:00:00,Department of Transportation,Street Sign - Dangling,Bus Stop,Street,25 ROAD
Queens,101,"POLYGON ((-73.86900785720935 40.74842256792471, -73.86900515866616 40.74979494040457, -73.87080973057344 40.74979697854617, -73.87081239194188 40.748424606024734, -73.86900785720935 40.74842256792471))",1.388676471,1,2025-03-27 09:00:00,New York City Police Department,Blocked Driveway,No Access,Street/Sidewalk,40 ROAD
Queens,77,"POLYGON ((-73.86900785720935 40.74842256792471, -73.86900515866616 40.74979494040457, -73.87080973057344 40.74979697854617, -73.87081239194188 40.748424606024734, -73.86900785720935 40.74842256792471))",0.436441176,0,2025-03-27 18:15:00,Department of Transportation,Traffic Signal Condition,Controller,,
Queens,24,"POLYGON ((-73.80240146876282 40.68797242598935, -73.80239740176701 40.689344807630945, -73.80420033511498 40.68934788934322, -73.80420436500361 40.6879755076387, -73.80240146876282 40.68797242598935))",0.6745,0,2024-01-23 15:30:00,New York City Police Department,Abandoned Vehicle,With License Plate,Street/Sidewalk,PINEGROVE STREET
Queens,24,"POLYGON ((-73.80240146876282 40.68797242598935, -73.80239740176701 40.689344807630945, -73.80420033511498 40.68934788934322, -73.80420436500361 40.6879755076387, -73.80240146876282 40.68797242598935))",0.6745,0,2024-01-23 17:30:00,New York City Police Department,Abandoned Vehicle,With License Plate,Street/Sidewalk,PINEGROVE STREET
Queens,24,"POLYGON ((-73.80240146876282 40.68797242598935, -73.80239740176701 40.689344807630945, -73.80420033511498 40.68934788934322, -73.80420436500361 40.6879755076387, -73.80240146876282 40.68797242598935))",0.6745,0,2024-01-23 17:30:00,New York City Police Department,Abandoned Vehicle,With License Plate,Street/Sidewalk,PINEGROVE STREET
Brooklyn,117,"POLYGON ((-73.99070322092639 40.68875035762872, -73.99070302957661 40.69012274262093, -73.99250598845698 40.69012287415301, -73.99250614269835 40.68875048915813, -73.99070322092639 40.68875035762872))",0.4047,0,2025-03-18 12:15:00,New York City Police Department,Blocked Driveway,No Access,Street/Sidewalk,PACIFIC STREET
Manhattan,83,"POLYGON ((-73.9513116249555 40.802798387854835, -73.95131062111622 40.804170750353514, -73.95311666890105 40.8041714990096, -73.95311763550467 40.80279913649568, -73.9513116249555 40.802798387854835))",0.574574074,0,2024-02-29 10:45:00,New York City Police Department,Illegal Parking,Blocked Bike Lane,Street/Sidewalk,7 AVENUE
Manhattan,83,"POLYGON ((-73.9513116249555 40.802798387854835, -73.95131062111622 40.804170750353514, -73.95311666890105 40.8041714990096, -73.95311763550467 40.80279913649568, -73.9513116249555 40.802798387854835))",0.574574074,0,2024-02-29 10:45:00,New York City Police Department,Illegal Parking,Blocked Bike Lane,Street/Sidewalk,7 AVENUE
Brooklyn,859,"POLYGON ((-73.9980729322826 40.69370492885946, -73.99807289261602 40.695077313003424, -73.99987598548415 40.69507732907088, -73.9998759880368 40.693704944926566, -73.9980729322826 40.69370492885946))",0.992478571,0,2025-05-06 15:30:00,Department of Transportation,Street Light Condition,Street Light Out,,
Brooklyn,105,"POLYGON ((-73.97768430166774 40.68339112128719, -73.97768384239461 40.68476350715659, -73.97948665633055 40.68476384266147, -73.97948707850122 40.683391456785245, -73.97768430166774 40.68339112128719))",0.699481481,0,2024-11-11 16:30:00,Department of Buildings,General Construction/Plumbing,Egress - Doors Locked/Blocked/Improper/No Secondary Means,,FLATBUSH AVENUE
Brooklyn,63,"POLYGON ((-74.02980326412843 40.623651032209324, -74.02980387695203 40.625023427422285, -74.03160507716542 40.62502294637196, -74.0316044273058 40.62365055116883, -74.02980326412843 40.623651032209324))",0.439891304,0,2025-06-09 09:00:00,New York City Police Department,Illegal Parking,Posted Parking Sign Violation,Street/Sidewalk,85 STREET
Manhattan,122,"POLYGON ((-73.97178007473232 40.794343669435854, -73.97177949297799 40.795716033913855, -73.97358531156605 40.795716461891985, -73.97358585609415 40.79434409740523, -73.97178007473232 40.794343669435854))",0.616685714,0,2025-03-06 08:15:00,New York City Police Department,Illegal Parking,Blocked Crosswalk,Street/Sidewalk,WEST   96 STREET
Manhattan,74,"POLYGON ((-73.97178007473232 40.794343669435854, -73.97177949297799 40.795716033913855, -73.97358531156605 40.795716461891985, -73.97358585609415 40.79434409740523, -73.97178007473232 40.794343669435854))",-0.308342857,0,2025-03-08 10:45:00,New York City Police Department,Blocked Driveway,Partial Access,Street/Sidewalk,WEST   96 STREET
Manhattan,126,"POLYGON ((-73.97178007473232 40.794343669435854, -73.97177949297799 40.795716033913855, -73.97358531156605 40.795716461891985, -73.97358585609415 40.79434409740523, -73.97178007473232 40.794343669435854))",0.693771429,0,2025-03-08 13:00:00,New York City Police Department,Illegal Parking,Posted Parking Sign Violation,Street/Sidewalk,WEST END AVENUE
Manhattan,64,"POLYGON ((-73.97178007473232 40.794343669435854, -73.97177949297799 40.795716033913855, -73.97358531156605 40.795716461891985, -73.97358585609415 40.79434409740523, -73.97178007473232 40.794343669435854))",-0.501057143,0,2025-03-10 19:00:00,New York City Police Department,Illegal Parking,Posted Parking Sign Violation,Street/Sidewalk,WEST   96 STREET
Manhattan,9,"POLYGON ((-73.91101950432183 40.87001883438244, -73.91101766789986 40.87139118070544, -73.91282554080058 40.87139256059028, -73.91282733991163 40.870020214239126, -73.91101950432183 40.87001883438244))",0.2698,0,2025-01-11 18:30:00,New York City Police Department,Illegal Parking,Paper License Plates,Street/Sidewalk,WEST  219 STREET
Queens,6,"POLYGON ((-73.7728496017094 40.65902042351718, -73.77284492850401 40.66039280882225, -73.7746470778922 40.66039635355003, -73.77465171402272 40.65902396817259, -73.7728496017094 40.65902042351718))",-1.059928571,0,2025-04-28 03:30:00,Department of Transportation,Street Light Condition,Lamppost Knocked Down,,
Brooklyn,148,"POLYGON ((-73.921704844921 40.65360755863332, -73.92170323427 40.65497994886049, -73.92350524271427 40.65498116142401, -73.923506816296 40.65360877117208, -73.921704844921 40.65360755863332))",1.662160714,1,2024-05-17 18:00:00,Department of Parks and Recreation,Root/Sewer/Sidewalk Condition,Trees and Sidewalks Program,Street,LINDEN BOULEVARD
Brooklyn,89,"POLYGON ((-73.921704844921 40.65360755863332, -73.92170323427 40.65497994886049, -73.92350524271427 40.65498116142401, -73.923506816296 40.65360877117208, -73.921704844921 40.65360755863332))",0.240892857,0,2024-05-17 18:00:00,Department of Parks and Recreation,Root/Sewer/Sidewalk Condition,Trees and Sidewalks Program,Street,LINDEN BOULEVARD
Queens,73,"POLYGON ((-73.86900785720935 40.74842256792471, -73.86900515866616 40.74979494040457, -73.87080973057344 40.74979697854617, -73.87081239194188 40.748424606024734, -73.86900785720935 40.74842256792471))",0.277735294,0,2025-03-30 16:45:00,Department of Transportation,Traffic Signal Condition,Controller,,
Brooklyn,28,"POLYGON ((-74.0233465611785 40.63904582452113, -74.02334704134819 40.640418217490144, -74.02514865715985 40.640417837597134, -74.02514813993702 40.639045444635876, -74.0233465611785 40.63904582452113))",-0.378378049,0,2025-01-29 22:30:00,New York City Police Department,Illegal Parking,Posted Parking Sign Violation,Street/Sidewalk,65 STREET
Brooklyn,64,"POLYGON ((-74.0233465611785 40.63904582452113, -74.02334704134819 40.640418217490144, -74.02514865715985 40.640417837597134, -74.02514813993702 40.639045444635876, -74.0233465611785 40.63904582452113))",0.806109756,0,2025-01-30 10:00:00,New York City Police Department,Illegal Parking,Posted Parking Sign Violation,Street/Sidewalk,65 STREET
Brooklyn,50,"POLYGON ((-74.0233465611785 40.63904582452113, -74.02334704134819 40.640418217490144, -74.02514865715985 40.640417837597134, -74.02514813993702 40.639045444635876, -74.0233465611785 40.63904582452113))",0.34547561,0,2025-01-30 11:30:00,New York City Police Department,Illegal Parking,Posted Parking Sign Violation,Street/Sidewalk,65 STREET
Bronx,116,"POLYGON ((-73.84152954456823 40.86780053391224, -73.84152627408959 40.86917287924508, -73.84333408468446 40.86917534782106, -73.84333731785483 40.86780300243788, -73.84152954456823 40.86780053391224))",0.246768293,0,2024-09-14 10:00:00,Department of Transportation,Street Light Condition,Street Light Out,,O NEIL PLACE
Brooklyn,83,"POLYGON ((-73.97768430166774 40.68339112128719, -73.97768384239461 40.68476350715659, -73.97948665633055 40.68476384266147, -73.97948707850122 40.683391456785245, -73.97768430166774 40.68339112128719))",0.149888889,0,2024-11-09 14:45:00,New York City Police Department,Illegal Parking,Double Parked Blocking Traffic,Street/Sidewalk,ATLANTIC AVENUE
Bronx,24,"POLYGON ((-73.90775266526711 40.81245929607161, -73.90775076306916 40.813831655883895, -73.9095570723184 40.81383308697624, -73.90955893726995 40.81246072713476, -73.90775266526711 40.81245929607161))",-0.618291667,0,2024-01-15 08:15:00,Department of Buildings,General Construction/Plumbing,Working Contrary To Stop Work Order,,JACKSON AVENUE
Bronx,22,"POLYGON ((-73.90775266526711 40.81245929607161, -73.90775076306916 40.813831655883895, -73.9095570723184 40.81383308697624, -73.90955893726995 40.81246072713476, -73.90775266526711 40.81245929607161))",-0.6745,0,2024-01-15 08:45:00,Department of Buildings,General Construction/Plumbing,Egress - Doors Locked/Blocked/Improper/No Secondary Means,,JACKSON AVENUE
Bronx,26,"POLYGON ((-73.90775266526711 40.81245929607161, -73.90775076306916 40.813831655883895, -73.9095570723184 40.81383308697624, -73.90955893726995 40.81246072713476, -73.90775266526711 40.81245929607161))",-0.562083333,0,2024-01-15 09:15:00,Department of Buildings,General Construction/Plumbing,Working Contrary To Stop Work Order,,JACKSON AVENUE
Brooklyn,55,"POLYGON ((-74.02980326412843 40.623651032209324, -74.02980387695203 40.625023427422285, -74.03160507716542 40.62502294637196, -74.0316044273058 40.62365055116883, -74.02980326412843 40.623651032209324))",0.205282609,0,2025-06-09 09:00:00,New York City Police Department,Illegal Parking,Posted Parking Sign Violation,Street/Sidewalk,85 STREET
Brooklyn,60,"POLYGON ((-73.99261608308665 40.70185021194682, -73.99261593107823 40.703222594657355, -73.99441924425035 40.703222696217054, -73.99441935913575 40.70185031350447, -73.99261608308665 40.70185021194682))",0.139551724,0,2025-06-03 13:00:00,New York City Police Department,Illegal Parking,Posted Parking Sign Violation,Street/Sidewalk,DOUGHTY STREET
Brooklyn,112,"POLYGON ((-73.99261608308665 40.70185021194682, -73.99261593107823 40.703222594657355, -73.99441924425035 40.703222696217054, -73.99441935913575 40.70185031350447, -73.99261608308665 40.70185021194682))",1.349,1,2025-06-03 15:45:00,New York City Police Department,Illegal Parking,Posted Parking Sign Violation,Street/Sidewalk,ELIZABETH PLACE
Brooklyn,109,"POLYGON ((-73.99261608308665 40.70185021194682, -73.99261593107823 40.703222594657355, -73.99441924425035 40.703222696217054, -73.99441935913575 40.70185031350447, -73.99261608308665 40.70185021194682))",1.279224138,1,2025-06-03 16:30:00,New York City Police Department,Illegal Parking,Posted Parking Sign Violation,Street/Sidewalk,OLD FULTON STREET
Brooklyn,60,"POLYGON ((-73.99261608308665 40.70185021194682, -73.99261593107823 40.703222594657355, -73.99441924425035 40.703222696217054, -73.99441935913575 40.70185031350447, -73.99261608308665 40.70185021194682))",0.139551724,0,2025-06-04 12:15:00,New York City Police Department,Illegal Parking,Blocked Sidewalk,Street/Sidewalk,OLD FULTON STREET
Brooklyn,60,"POLYGON ((-73.99261608308665 40.70185021194682, -73.99261593107823 40.703222594657355, -73.99441924425035 40.703222696217054, -73.99441935913575 40.70185031350447, -73.99261608308665 40.70185021194682))",0.139551724,0,2025-06-04 12:15:00,New York City Police Department,Illegal Parking,Posted Parking Sign Violation,Street/Sidewalk,WATER STREET
Brooklyn,76,"POLYGON ((-73.99261608308665 40.70185021194682, -73.99261593107823 40.703222594657355, -73.99441924425035 40.703222696217054, -73.99441935913575 40.70185031350447, -73.99261608308665 40.70185021194682))",0.511689655,0,2025-06-04 14:45:00,New York City Police Department,Illegal Parking,Blocked Sidewalk,Street/Sidewalk,OLD FULTON STREET
Manhattan,239,"POLYGON ((-73.9743296272132 40.78160532554132, -73.97432909811918 40.78297769274536, -73.97613457124638 40.78297808078293, -73.97613506312841 40.781605713570954, -73.9743296272132 40.78160532554132))",0.490545455,0,2025-06-20 12:45:00,New York City Police Department,Illegal Parking,License Plate Obscured,Street/Sidewalk,WEST   80 STREET
Queens,35,"POLYGON ((-73.91587570304878 40.706029464040604, -73.91587397112255 40.70740184537927, -73.91767739656024 40.707403149250666, -73.91767909135889 40.70603076788541, -73.91587570304878 40.706029464040604))",0.551863636,0,2024-06-19 10:15:00,Department of Parks and Recreation,Overgrown Tree/Branches,Blocking Street,Street,DEKALB AVENUE
Brooklyn,74,"POLYGON ((-73.91083815233019 40.70048814752186, -73.91083631684495 40.70186052976721, -73.91263959228006 40.70186191256544, -73.91264139064388 40.70048953029187, -73.91083815233019 40.70048814752186))",1.68625,1,2024-06-01 16:15:00,New York City Police Department,Blocked Driveway,No Access,Street/Sidewalk,LINDEN STREET
Brooklyn,13,"POLYGON ((-73.941850290352 40.66287204946303, -73.94184909395737 40.664244438463406, -73.94365135299687 40.66424533539782, -73.94365251231189 40.66287294637913, -73.941850290352 40.66287204946303))",-1.211346939,0,2025-06-18 03:15:00,New York City Police Department,Abandoned Vehicle,With License Plate,Street/Sidewalk,KINGSTON AVENUE
Brooklyn,898,"POLYGON ((-73.9980729322826 40.69370492885946, -73.99807289261602 40.695077313003424, -73.99987598548415 40.69507732907088, -73.9998759880368 40.693704944926566, -73.9980729322826 40.69370492885946))",1.368271429,1,2025-05-08 17:00:00,Department of Transportation,Curb Condition,Broken Curb,Sidewalk,JORALEMON STREET
Brooklyn,33,"POLYGON ((-73.94120829313484 40.7219045876724, -73.94120708246008 40.723276966442825, -73.94301093790065 40.72327787341636, -73.9430121114301 40.721905494627435, -73.94120829313484 40.7219045876724))",1.01175,1,2025-04-10 09:45:00,New York City Police Department,Traffic,Congestion/Gridlock,Street/Sidewalk,MEEKER AVENUE
Brooklyn,51,"POLYGON ((-73.94120829313484 40.7219045876724, -73.94120708246008 40.723276966442825, -73.94301093790065 40.72327787341636, -73.9430121114301 40.721905494627435, -73.94120829313484 40.7219045876724))",2.22585,2,2025-04-10 16:15:00,Department of Sanitation,Illegal Dumping,Chronic Dumping,Sidewalk,ENGERT AVENUE
Queens,70,"POLYGON ((-73.92422280336952 40.77127240379906, -73.92422124176248 40.77264477270012, -73.92602643417196 40.77264594577067, -73.92602795857863 40.77127357684567, -73.92422280336952 40.77127240379906))",0.21078125,0,2025-04-22 19:00:00,New York City Police Department,Abandoned Vehicle,With License Plate,Street/Sidewalk,NEWTOWN AVENUE
Queens,70,"POLYGON ((-73.92422280336952 40.77127240379906, -73.92422124176248 40.77264477270012, -73.92602643417196 40.77264594577067, -73.92602795857863 40.77127357684567, -73.92422280336952 40.77127240379906))",0.21078125,0,2025-04-22 19:00:00,Department of Sanitation,Street Sweeping Complaint,Inadequate Sweeping,Street,NEWTOWN AVENUE
Bronx,29,"POLYGON ((-73.92835908518103 40.80740603366862, -73.92835760801243 40.808778394905765, -73.93016378051031 40.80877950315876, -73.93016522043811 40.80740714189901, -73.92835908518103 40.80740603366862))",0.9443,0,2025-04-04 10:45:00,New York City Police Department,Illegal Parking,Posted Parking Sign Violation,Street/Sidewalk,LINCOLN AVENUE
Queens,74,"POLYGON ((-73.86900785720935 40.74842256792471, -73.86900515866616 40.74979494040457, -73.87080973057344 40.74979697854617, -73.87081239194188 40.748424606024734, -73.86900785720935 40.74842256792471))",0.317411765,0,2025-03-31 14:00:00,Department of Transportation,Traffic Signal Condition,Bike Signal,,
Brooklyn,46,"POLYGON ((-73.91301825398466 40.65600679415689, -73.91301646457293 40.657379183877744, -73.91481853766112 40.65738053253644, -73.91482029000093 40.65600814278806, -73.91301825398466 40.65600679415689))",0.797136364,0,2024-05-06 06:45:00,Department of Transportation,Street Condition,Pothole,,
Queens,65,"POLYGON ((-73.8766476725735 40.73623544375824, -73.87664513188132 40.73760781877612, -73.87844937394281 40.73760973722932, -73.87845187747382 40.73623736217228, -73.8766476725735 40.73623544375824))",-0.041295918,0,2024-01-14 10:00:00,New York City Police Department,Encampment,,Subway,
Brooklyn,71,"POLYGON ((-74.02980326412843 40.623651032209324, -74.02980387695203 40.625023427422285, -74.03160507716542 40.62502294637196, -74.0316044273058 40.62365055116883, -74.02980326412843 40.623651032209324))",0.6745,0,2025-06-14 16:15:00,New York City Police Department,Noise - Vehicle,Car/Truck Music,Street/Sidewalk,3 AVENUE
Brooklyn,77,"POLYGON ((-73.99621598209588 40.67915511976305, -73.996215904223 40.680527506389666, -73.99801860369261 40.68052755155368, -73.99801864446775 40.67915516492614, -73.99621598209588 40.67915511976305))",-0.043516129,0,2024-05-21 10:45:00,Department of Sanitation,Litter Basket Request,Replacement Basket,Street,COURT STREET
Brooklyn,84,"POLYGON ((-73.99621598209588 40.67915511976305, -73.996215904223 40.680527506389666, -73.99801860369261 40.68052755155368, -73.99801864446775 40.67915516492614, -73.99621598209588 40.67915511976305))",0.108790323,0,2024-05-21 12:15:00,New York City Police Department,Illegal Parking,Posted Parking Sign Violation,Street/Sidewalk,2 PLACE
Brooklyn,108,"POLYGON ((-73.99621598209588 40.67915511976305, -73.996215904223 40.680527506389666, -73.99801860369261 40.68052755155368, -73.99801864446775 40.67915516492614, -73.99621598209588 40.67915511976305))",0.630983871,0,2024-05-21 18:00:00,Department of Sanitation,Litter Basket Request,Replacement Basket,Street,COURT STREET
Brooklyn,17,"POLYGON ((-73.94573789656936 40.72213682444823, -73.94573677916706 40.723509203221354, -73.94754064095187 40.72351003922843, -73.9475417212086 40.72213766043824, -73.94573789656936 40.72213682444823))",-1.430757576,0,2025-04-11 01:00:00,Department of Transportation,Traffic Signal Condition,Controller,,
Manhattan,129,"POLYGON ((-73.97178007473232 40.794343669435854, -73.97177949297799 40.795716033913855, -73.97358531156605 40.795716461891985, -73.97358585609415 40.79434409740523, -73.97178007473232 40.794343669435854))",0.751585714,0,2025-03-06 08:15:00,New York City Police Department,Illegal Parking,Blocked Crosswalk,Street/Sidewalk,WEST   96 STREET
Queens,43,"POLYGON ((-73.8592022660084 40.673795151622315, -73.85919936870798 40.67516753737008, -73.86100192102917 40.67516972917492, -73.86100478123802 40.6737973433824, -73.8592022660084 40.673795151622315))",-0.826806452,0,2025-02-09 08:45:00,New York City Police Department,Abandoned Vehicle,With License Plate,Street/Sidewalk,NORTH CONDUIT AVENUE
Queens,43,"POLYGON ((-73.80788246338763 40.718339231280986, -73.80787850740045 40.719711607718466, -73.80968226246736 40.71971460354028, -73.80968618131354 40.71834222704166, -73.80788246338763 40.718339231280986))",-0.397782051,0,2024-06-12 21:15:00,New York City Police Department,Illegal Parking,Commercial Overnight Parking,Street/Sidewalk,PARSONS BOULEVARD
Bronx,36,"POLYGON ((-73.90775266526711 40.81245929607161, -73.90775076306916 40.813831655883895, -73.9095570723184 40.81383308697624, -73.90955893726995 40.81246072713476, -73.90775266526711 40.81245929607161))",-0.281041667,0,2024-01-16 23:45:00,Department of Buildings,General Construction/Plumbing,Working Contrary To Stop Work Order,,JACKSON AVENUE
Brooklyn,99,"POLYGON ((-73.99621598209588 40.67915511976305, -73.996215904223 40.680527506389666, -73.99801860369261 40.68052755155368, -73.99801864446775 40.67915516492614, -73.99621598209588 40.67915511976305))",0.43516129,0,2024-05-20 12:15:00,Department of Sanitation,Litter Basket Request,New Basket,Sidewalk,2 PLACE
Brooklyn,21,"POLYGON ((-73.91625604552222 40.70565771618904, -73.91625432143599 40.70703009759987, -73.91805773682383 40.7070313955125, -73.91805942378289 40.705659014075174, -73.91625604552222 40.70565771618904))",-0.4047,0,2024-06-19 10:15:00,Department of Parks and Recreation,Overgrown Tree/Branches,Blocking Street,Street,DEKALB AVENUE
Brooklyn,2,"POLYGON ((-73.94120829313484 40.7219045876724, -73.94120708246008 40.723276966442825, -73.94301093790065 40.72327787341636, -73.9430121114301 40.721905494627435, -73.94120829313484 40.7219045876724))",-1.0792,0,2025-04-07 00:45:00,New York City Police Department,Illegal Parking,Blocked Hydrant,Street/Sidewalk,MONITOR STREET
Bronx,273,"POLYGON ((-73.86524403682557 40.85658616409697, -73.86524125622996 40.85795851278823, -73.86704876280693 40.85796060983907, -73.8670515061068 40.856588261105045, -73.86524403682557 40.85658616409697))",0.362888889,0,2024-03-13 11:30:00,Department of Buildings,General Construction/Plumbing,Sidewalk Shed/Pipe Scafford - Inadequate Defective/None,,PELHAM PARKWAY SOUTH
Bronx,273,"POLYGON ((-73.86524403682557 40.85658616409697, -73.86524125622996 40.85795851278823, -73.86704876280693 40.85796060983907, -73.8670515061068 40.856588261105045, -73.86524403682557 40.85658616409697))",0.362888889,0,2024-03-13 11:30:00,Department of Buildings,General Construction/Plumbing,Sidewalk Shed/Pipe Scafford - Inadequate Defective/None,,PELHAM PARKWAY SOUTH
Bronx,273,"POLYGON ((-73.86524403682557 40.85658616409697, -73.86524125622996 40.85795851278823, -73.86704876280693 40.85796060983907, -73.8670515061068 40.856588261105045, -73.86524403682557 40.85658616409697))",0.362888889,0,2024-03-13 11:30:00,Department of Buildings,General Construction/Plumbing,Sidewalk Shed/Pipe Scafford - Inadequate Defective/None,,PELHAM PARKWAY SOUTH
Bronx,273,"POLYGON ((-73.86524403682557 40.85658616409697, -73.86524125622996 40.85795851278823, -73.86704876280693 40.85796060983907, -73.8670515061068 40.856588261105045, -73.86524403682557 40.85658616409697))",0.362888889,0,2024-03-13 11:30:00,Department of Buildings,General Construction/Plumbing,Sidewalk Shed/Pipe Scafford - Inadequate Defective/None,,PELHAM PARKWAY SOUTH
Manhattan,103,"POLYGON ((-73.97178007473232 40.794343669435854, -73.97177949297799 40.795716033913855, -73.97358531156605 40.795716461891985, -73.97358585609415 40.79434409740523, -73.97178007473232 40.794343669435854))",0.250528571,0,2025-03-07 17:45:00,New York City Police Department,Blocked Driveway,Partial Access,Street/Sidewalk,WEST   96 STREET
Manhattan,71,"POLYGON ((-73.9513116249555 40.802798387854835, -73.95131062111622 40.804170750353514, -73.95311666890105 40.8041714990096, -73.95311763550467 40.80279913649568, -73.9513116249555 40.802798387854835))",0.274796296,0,2024-02-26 10:45:00,Department of Sanitation,Graffiti,Graffiti,Mixed Use,7 AVENUE
Manhattan,63,"POLYGON ((-73.9513116249555 40.802798387854835, -73.95131062111622 40.804170750353514, -73.95311666890105 40.8041714990096, -73.95311763550467 40.80279913649568, -73.9513116249555 40.802798387854835))",0.074944444,0,2024-02-26 19:30:00,New York City Police Department,Illegal Parking,Blocked Bike Lane,Street/Sidewalk,ST NICHOLAS AVENUE
Manhattan,63,"POLYGON ((-73.9513116249555 40.802798387854835, -73.95131062111622 40.804170750353514, -73.95311666890105 40.8041714990096, -73.95311763550467 40.80279913649568, -73.9513116249555 40.802798387854835))",0.074944444,0,2024-02-26 19:30:00,New York City Police Department,Illegal Parking,Blocked Bike Lane,Street/Sidewalk,ST NICHOLAS AVENUE
Manhattan,63,"POLYGON ((-73.9513116249555 40.802798387854835, -73.95131062111622 40.804170750353514, -73.95311666890105 40.8041714990096, -73.95311763550467 40.80279913649568, -73.9513116249555 40.802798387854835))",0.074944444,0,2024-02-26 19:30:00,New York City Police Department,Illegal Parking,Blocked Bike Lane,Street/Sidewalk,7 AVENUE
Brooklyn,11,"POLYGON ((-73.85768198615781 40.66945745491956, -73.85767905776393 40.670829841342524, -73.8594814928049 40.67083205696812, -73.85948438411202 40.66945967049994, -73.85768198615781 40.66945745491956))",1.573833333,1,2025-01-14 13:45:00,Department of Transportation,Street Condition,Pothole,,
Manhattan,96,"POLYGON ((-73.97178007473232 40.794343669435854, -73.97177949297799 40.795716033913855, -73.97358531156605 40.795716461891985, -73.97358585609415 40.79434409740523, -73.97178007473232 40.794343669435854))",0.115628571,0,2025-03-09 11:15:00,New York City Police Department,Illegal Parking,Posted Parking Sign Violation,Street/Sidewalk,WEST END AVENUE
Manhattan,96,"POLYGON ((-73.97178007473232 40.794343669435854, -73.97177949297799 40.795716033913855, -73.97358531156605 40.795716461891985, -73.97358585609415 40.79434409740523, -73.97178007473232 40.794343669435854))",0.115628571,0,2025-03-09 12:00:00,New York City Police Department,Illegal Parking,Posted Parking Sign Violation,Street/Sidewalk,WEST END AVENUE
Queens,82,"POLYGON ((-73.81480848540612 40.74683208435987, -73.8148046704049 40.74820445561926, -73.81660919723713 40.74820734291219, -73.81661297506554 40.74683497159388, -73.81480848540612 40.74683208435987))",0.1065,0,2024-06-08 22:30:00,New York City Police Department,Illegal Parking,Blocked Sidewalk,Street/Sidewalk,OAK AVENUE
Queens,49,"POLYGON ((-73.8766476725735 40.73623544375824, -73.87664513188132 40.73760781877612, -73.87844937394281 40.73760973722932, -73.87845187747382 40.73623736217228, -73.8766476725735 40.73623544375824))",-0.481785714,0,2024-01-06 21:45:00,New York City Police Department,Encampment,,Subway,
Manhattan,68,"POLYGON ((-73.9513116249555 40.802798387854835, -73.95131062111622 40.804170750353514, -73.95311666890105 40.8041714990096, -73.95311763550467 40.80279913649568, -73.9513116249555 40.802798387854835))",0.199851852,0,2024-02-29 10:45:00,New York City Police Department,Illegal Parking,Blocked Bike Lane,Street/Sidewalk,7 AVENUE
Manhattan,68,"POLYGON ((-73.9513116249555 40.802798387854835, -73.95131062111622 40.804170750353514, -73.95311666890105 40.8041714990096, -73.95311763550467 40.80279913649568, -73.9513116249555 40.802798387854835))",0.199851852,0,2024-02-29 10:45:00,New York City Police Department,Illegal Parking,Blocked Bike Lane,Street/Sidewalk,7 AVENUE
Queens,77,"POLYGON ((-73.87654158461574 40.73640908537829, -73.87653904173183 40.73778146036058, -73.87834328849227 40.7377833804758, -73.87834579421481 40.73641100545433, -73.87654158461574 40.73640908537829))",1.2141,1,2024-01-09 07:30:00,New York City Police Department,Encampment,,Subway,
Queens,77,"POLYGON ((-73.87654158461574 40.73640908537829, -73.87653904173183 40.73778146036058, -73.87834328849227 40.7377833804758, -73.87834579421481 40.73641100545433, -73.87654158461574 40.73640908537829))",1.2141,1,2024-01-09 07:30:00,Department of Homeless Services,Encampment,,Subway,
Queens,57,"POLYGON ((-73.86030453146239 40.75827795394664, -73.86030165319804 40.75965032425858, -73.86210649183987 40.759652498751464, -73.8621093329185 40.75828012839516, -73.86030453146239 40.75827795394664))",0.629533333,0,2024-03-13 17:00:00,New York City Police Department,Blocked Driveway,No Access,Street/Sidewalk,107 STREET
Brooklyn,159,"POLYGON ((-73.95034808317482 40.68809045867435, -73.9503470612307 40.689462843567, -73.95215000200524 40.68946360735577, -73.95215098684172 40.68809122244751, -73.95034808317482 40.68809045867435))",0.652741935,0,2024-12-03 18:15:00,Department of Transportation,Street Light Condition,Street Light Out,,NOSTRAND AVENUE
Brooklyn,195,"POLYGON ((-73.95034808317482 40.68809045867435, -73.9503470612307 40.689462843567, -73.95215000200524 40.68946360735577, -73.95215098684172 40.68809122244751, -73.95034808317482 40.68809045867435))",1.436032258,1,2024-12-09 17:15:00,New York City Police Department,Illegal Parking,Posted Parking Sign Violation,Street/Sidewalk,NOSTRAND AVENUE
Brooklyn,19,"POLYGON ((-73.89363418705398 40.663988527634274, -73.89363199860638 40.66536091574541, -73.89543428690111 40.66536256809811, -73.89543643826796 40.66399017995325, -73.89363418705398 40.663988527634274))",0.0,0,2024-10-26 20:30:00,New York City Police Department,Illegal Parking,Blocked Crosswalk,Street/Sidewalk,SHEFFIELD AVENUE
Queens,18,"POLYGON ((-73.80240146876282 40.68797242598935, -73.80239740176701 40.689344807630945, -73.80420033511498 40.68934788934322, -73.80420436500361 40.6879755076387, -73.80240146876282 40.68797242598935))",0.168625,0,2024-01-19 12:15:00,New York City Police Department,Illegal Parking,Blocked Sidewalk,Street/Sidewalk,PINEGROVE STREET
Manhattan,157,"POLYGON ((-73.98885407294881 40.771882248225054, -73.9888538432528 40.773254617502765, -73.99065905282708 40.77325477798656, -73.99065924532198 40.77188240870558, -73.98885407294881 40.771882248225054))",1.10122449,1,2024-10-16 15:30:00,Department of Transportation,Street Condition,Pothole,,WEST END AVENUE
Brooklyn,17,"POLYGON ((-73.89262352326264 40.664143575527156, -73.89262131401577 40.66551596359393, -73.89442360647493 40.665517631781015, -73.89442577864087 40.66414524368016, -73.89262352326264 40.664143575527156))",-0.039676471,0,2024-10-31 10:30:00,New York City Police Department,Abandoned Vehicle,With License Plate,Street/Sidewalk,LIVONIA AVENUE
Brooklyn,188,"POLYGON ((-73.97623660930242 40.682929495218104, -73.97623612023814 40.68430188115971, -73.97803892168663 40.68430223934618, -73.978039373649 40.682929853397276, -73.97623660930242 40.682929495218104))",-0.327614286,0,2024-06-06 20:45:00,New York City Police Department,Illegal Parking,Blocked Sidewalk,Street/Sidewalk,PACIFIC STREET
Manhattan,186,"POLYGON ((-73.93291959036472 40.827414501543075, -73.93291820681355 40.82878685832842, -73.9347249225151 40.82878789512412, -73.93472626880308 40.82741553831763, -73.93291959036472 40.827414501543075))",-0.331533898,0,2024-11-05 11:30:00,Department of Transportation,Street Light Condition,Street Light Out,,MACOMBS DAM BRIDGE
Queens,86,"POLYGON ((-73.83265224094487 40.755274391863516, -73.832648793093 40.75664676201696, -73.83445354936536 40.75664936974395, -73.83445696003493 40.75527699953729, -73.83265224094487 40.755274391863516))",-0.6745,0,2024-11-15 23:15:00,New York City Police Department,Blocked Driveway,No Access,Street/Sidewalk,HAIGHT STREET
Bronx,315,"POLYGON ((-73.86524403682557 40.85658616409697, -73.86524125622996 40.85795851278823, -73.86704876280693 40.85796060983907, -73.8670515061068 40.856588261105045, -73.86524403682557 40.85658616409697))",0.694222222,0,2025-03-11 15:30:00,Department of Transportation,Street Light Condition,Street Light Lamp Dim,,
Bronx,316,"POLYGON ((-73.86524403682557 40.85658616409697, -73.86524125622996 40.85795851278823, -73.86704876280693 40.85796060983907, -73.8670515061068 40.856588261105045, -73.86524403682557 40.85658616409697))",0.702111111,0,2025-03-11 15:45:00,Department of Transportation,Street Light Condition,Street Light Lamp Dim,,
Queens,13,"POLYGON ((-73.91790322557078 40.741947962363774, -73.91790153447535 40.74332033703913, -73.91970593221637 40.74332160913098, -73.91970758614417 40.74194923442967, -73.91790322557078 40.741947962363774))",0.1349,0,2025-03-20 13:15:00,Department of Transportation,Street Sign - Missing,"No Parking, Standing, Stopping",Street,GREENPOINT AVENUE
Queens,185,"POLYGON ((-73.89614589404492 40.753643811402526, -73.89614375439905 40.75501618342046, -73.89794846849146 40.75501779638342, -73.8979505709567 40.75364542433258, -73.89614589404492 40.753643811402526))",1.031588235,1,2024-06-10 08:00:00,Department of Transportation,Street Condition,Pothole,,
Bronx,16,"POLYGON ((-73.8400522681409 40.85462383716716, -73.84004896782857 40.85599618566797, -73.84185642021284 40.85599867739687, -73.84185968323169 40.85462632884524, -73.8400522681409 40.85462383716716))",0.20235,0,2024-03-06 09:00:00,New York City Police Department,Blocked Driveway,Partial Access,Street/Sidewalk,RHINELANDER AVENUE
Manhattan,142,"POLYGON ((-74.00199665383592 40.707824160860795, -74.00199669494354 40.70919654251031, -74.003800169731 40.70919649710072, -74.0038000914937 40.70782411545215, -74.00199665383592 40.707824160860795))",0.580383721,0,2024-03-12 14:00:00,New York City Police Department,Illegal Parking,Parking Permit Improper Use,Street/Sidewalk,PEARL STREET
Bronx,120,"POLYGON ((-73.84152954456823 40.86780053391224, -73.84152627408959 40.86917287924508, -73.84333408468446 40.86917534782106, -73.84333731785483 40.86780300243788, -73.84152954456823 40.86780053391224))",0.312573171,0,2024-09-12 13:30:00,Department of Parks and Recreation,Overgrown Tree/Branches,Blocking Street,Street,ONEIL PLACE
Brooklyn,27,"POLYGON ((-73.97866979197462 40.64278572261434, -73.97866935325075 40.644158115023906, -73.9804710700729 40.64415843509893, -73.98047147173946 40.642786042682815, -73.97866979197462 40.64278572261434))",-0.224833333,0,2025-03-01 11:15:00,New York City Police Department,Illegal Parking,Blocked Hydrant,Street/Sidewalk,BEVERLEY ROAD
Brooklyn,53,"POLYGON ((-73.99261608308665 40.70185021194682, -73.99261593107823 40.703222594657355, -73.99441924425035 40.703222696217054, -73.99441935913575 40.70185031350447, -73.99261608308665 40.70185021194682))",-0.023258621,0,2025-06-02 12:00:00,New York City Police Department,Illegal Parking,Posted Parking Sign Violation,Street/Sidewalk,OLD FULTON STREET
Brooklyn,83,"POLYGON ((-73.99261608308665 40.70185021194682, -73.99261593107823 40.703222594657355, -73.99441924425035 40.703222696217054, -73.99441935913575 40.70185031350447, -73.99261608308665 40.70185021194682))",0.6745,0,2025-06-02 14:45:00,New York City Police Department,Illegal Parking,Posted Parking Sign Violation,Street/Sidewalk,WATER STREET
Brooklyn,81,"POLYGON ((-73.99261608308665 40.70185021194682, -73.99261593107823 40.703222594657355, -73.99441924425035 40.703222696217054, -73.99441935913575 40.70185031350447, -73.99261608308665 40.70185021194682))",0.627982759,0,2025-06-02 15:00:00,New York City Police Department,Illegal Parking,Posted Parking Sign Violation,Street/Sidewalk,OLD FULTON STREET
Brooklyn,90,"POLYGON ((-73.99261608308665 40.70185021194682, -73.99261593107823 40.703222594657355, -73.99441924425035 40.703222696217054, -73.99441935913575 40.70185031350447, -73.99261608308665 40.70185021194682))",0.837310345,0,2025-06-02 15:45:00,New York City Police Department,Illegal Parking,Posted Parking Sign Violation,Street/Sidewalk,OLD FULTON STREET
Brooklyn,89,"POLYGON ((-73.99261608308665 40.70185021194682, -73.99261593107823 40.703222594657355, -73.99441924425035 40.703222696217054, -73.99441935913575 40.70185031350447, -73.99261608308665 40.70185021194682))",0.814051724,0,2025-06-02 18:15:00,New York City Police Department,Illegal Parking,Blocked Sidewalk,Street/Sidewalk,OLD FULTON STREET
Brooklyn,63,"POLYGON ((-73.99261608308665 40.70185021194682, -73.99261593107823 40.703222594657355, -73.99441924425035 40.703222696217054, -73.99441935913575 40.70185031350447, -73.99261608308665 40.70185021194682))",0.209327586,0,2025-06-03 11:30:00,New York City Police Department,Illegal Parking,Blocked Sidewalk,Street/Sidewalk,OLD FULTON STREET
Brooklyn,63,"POLYGON ((-73.99261608308665 40.70185021194682, -73.99261593107823 40.703222594657355, -73.99441924425035 40.703222696217054, -73.99441935913575 40.70185031350447, -73.99261608308665 40.70185021194682))",0.209327586,0,2025-06-03 12:45:00,New York City Police Department,Illegal Parking,Posted Parking Sign Violation,Street/Sidewalk,DOUGHTY STREET
Brooklyn,30,"POLYGON ((-73.96899496250832 40.64812361770431, -73.96899432473967 40.64949600924858, -73.97079618565466 40.64949648090156, -73.97079678636008 40.64812408934768, -73.96899496250832 40.64812361770431))",-0.786916667,0,2024-03-24 00:45:00,New York City Police Department,Illegal Parking,Blocked Hydrant,Street/Sidewalk,CATON AVENUE
Manhattan,45,"POLYGON ((-73.96661565945008 40.7516019272692, -73.96661497167283 40.752974300556886, -73.96841963155394 40.75297480945866, -73.96842028215274 40.751602436160596, -73.96661565945008 40.7516019272692))",-0.296121951,0,2024-02-14 22:30:00,New York City Police Department,Illegal Parking,Blocked Bike Lane,Street/Sidewalk,1 AVENUE
Manhattan,141,"POLYGON ((-73.97178007473232 40.794343669435854, -73.97177949297799 40.795716033913855, -73.97358531156605 40.795716461891985, -73.97358585609415 40.79434409740523, -73.97178007473232 40.794343669435854))",0.982842857,0,2025-03-07 17:45:00,New York City Police Department,Blocked Driveway,Partial Access,Street/Sidewalk,WEST   96 STREET
Bronx,28,"POLYGON ((-73.86524403682557 40.85658616409697, -73.86524125622996 40.85795851278823, -73.86704876280693 40.85796060983907, -73.8670515061068 40.856588261105045, -73.86524403682557 40.85658616409697))",-1.569888889,0,2025-03-14 04:30:00,New York City Police Department,Illegal Parking,Paper License Plates,Street/Sidewalk,PELHAM PARKWAY NORTH
Bronx,28,"POLYGON ((-73.86524403682557 40.85658616409697, -73.86524125622996 40.85795851278823, -73.86704876280693 40.85796060983907, -73.8670515061068 40.856588261105045, -73.86524403682557 40.85658616409697))",-1.569888889,0,2025-03-14 04:30:00,Department of Transportation,Street Sign - Missing,"No Parking, Standing, Stopping",Street,PELHAM PARKWAY NORTH
Queens,75,"POLYGON ((-73.83265224094487 40.755274391863516, -73.832648793093 40.75664676201696, -73.83445354936536 40.75664936974395, -73.83445696003493 40.75527699953729, -73.83265224094487 40.755274391863516))",-0.811898148,0,2024-11-15 23:15:00,New York City Police Department,Blocked Driveway,No Access,Street/Sidewalk,HAIGHT STREET
Queens,33,"POLYGON ((-73.91587570304878 40.706029464040604, -73.91587397112255 40.70740184537927, -73.91767739656024 40.707403149250666, -73.91767909135889 40.70603076788541, -73.91587570304878 40.706029464040604))",0.429227273,0,2024-06-14 10:30:00,Department of Parks and Recreation,Damaged Tree,Branch or Limb Has Fallen Down,Street,HART STREET
Manhattan,131,"POLYGON ((-73.97178007473232 40.794343669435854, -73.97177949297799 40.795716033913855, -73.97358531156605 40.795716461891985, -73.97358585609415 40.79434409740523, -73.97178007473232 40.794343669435854))",0.790128571,0,2025-03-08 10:45:00,New York City Police Department,Blocked Driveway,Partial Access,Street/Sidewalk,WEST   96 STREET
Manhattan,132,"POLYGON ((-73.97178007473232 40.794343669435854, -73.97177949297799 40.795716033913855, -73.97358531156605 40.795716461891985, -73.97358585609415 40.79434409740523, -73.97178007473232 40.794343669435854))",0.8094,0,2025-03-08 13:00:00,New York City Police Department,Illegal Parking,Posted Parking Sign Violation,Street/Sidewalk,WEST END AVENUE
Manhattan,141,"POLYGON ((-73.97178007473232 40.794343669435854, -73.97177949297799 40.795716033913855, -73.97358531156605 40.795716461891985, -73.97358585609415 40.79434409740523, -73.97178007473232 40.794343669435854))",0.982842857,0,2025-03-09 11:15:00,New York City Police Department,Illegal Parking,Posted Parking Sign Violation,Street/Sidewalk,WEST END AVENUE
Manhattan,123,"POLYGON ((-73.97178007473232 40.794343669435854, -73.97177949297799 40.795716033913855, -73.97358531156605 40.795716461891985, -73.97358585609415 40.79434409740523, -73.97178007473232 40.794343669435854))",0.635957143,0,2025-03-09 12:00:00,New York City Police Department,Illegal Parking,Posted Parking Sign Violation,Street/Sidewalk,WEST END AVENUE
Brooklyn,210,"POLYGON ((-73.97623660930242 40.682929495218104, -73.97623612023814 40.68430188115971, -73.97803892168663 40.68430223934618, -73.978039373649 40.682929853397276, -73.97623660930242 40.682929495218104))",0.096357143,0,2024-06-05 11:45:00,New York City Police Department,Traffic,Congestion/Gridlock,Street/Sidewalk,ATLANTIC AVENUE
Brooklyn,40,"POLYGON ((-73.91083815233019 40.70048814752186, -73.91083631684495 40.70186052976721, -73.91263959228006 40.70186191256544, -73.91264139064388 40.70048953029187, -73.91083815233019 40.70048814752186))",0.2529375,0,2024-05-31 23:45:00,New York City Police Department,Blocked Driveway,No Access,Street/Sidewalk,LINDEN STREET
Brooklyn,279,"POLYGON ((-73.97623660930242 40.682929495218104, -73.97623612023814 40.68430188115971, -73.97803892168663 40.68430223934618, -73.978039373649 40.682929853397276, -73.97623660930242 40.682929495218104))",1.426085714,1,2024-06-08 17:30:00,New York City Police Department,Illegal Parking,Blocked Sidewalk,Street/Sidewalk,PACIFIC STREET
Brooklyn,65,"POLYGON ((-73.90286547415965 40.69193210427665, -73.90286347480559 40.69330448788451, -73.904666518663 40.69330599559639, -73.9046684809052 40.69193361195774, -73.90286547415965 40.69193210427665))",1.541714286,1,2024-04-17 07:45:00,New York City Police Department,Illegal Parking,Blocked Hydrant,Street/Sidewalk,DECATUR STREET
Queens,60,"POLYGON ((-73.8244428013427 40.77554505048763, -73.82443918325161 40.776917416261746, -73.82624448858043 40.77692015259466, -73.82624806946662 40.77554778676471, -73.8244428013427 40.77554505048763))",0.069775862,0,2024-06-02 18:30:00,New York City Police Department,Blocked Driveway,No Access,Street/Sidewalk,WILLETS POINT BOULEVARD
Manhattan,132,"POLYGON ((-73.97178007473232 40.794343669435854, -73.97177949297799 40.795716033913855, -73.97358531156605 40.795716461891985, -73.97358585609415 40.79434409740523, -73.97178007473232 40.794343669435854))",0.8094,0,2025-03-10 19:00:00,New York City Police Department,Illegal Parking,Posted Parking Sign Violation,Street/Sidewalk,WEST   96 STREET
Manhattan,64,"POLYGON ((-73.9513116249555 40.802798387854835, -73.95131062111622 40.804170750353514, -73.95311666890105 40.8041714990096, -73.95311763550467 40.80279913649568, -73.9513116249555 40.802798387854835))",0.099925926,0,2024-02-26 10:45:00,Department of Sanitation,Graffiti,Graffiti,Mixed Use,7 AVENUE
Manhattan,34,"POLYGON ((-73.9513116249555 40.802798387854835, -73.95131062111622 40.804170750353514, -73.95311666890105 40.8041714990096, -73.95311763550467 40.80279913649568, -73.9513116249555 40.802798387854835))",-0.649518519,0,2024-02-26 19:30:00,New York City Police Department,Illegal Parking,Blocked Bike Lane,Street/Sidewalk,ST NICHOLAS AVENUE
Manhattan,34,"POLYGON ((-73.9513116249555 40.802798387854835, -73.95131062111622 40.804170750353514, -73.95311666890105 40.8041714990096, -73.95311763550467 40.80279913649568, -73.9513116249555 40.802798387854835))",-0.649518519,0,2024-02-26 19:30:00,New York City Police Department,Illegal Parking,Blocked Bike Lane,Street/Sidewalk,ST NICHOLAS AVENUE
Manhattan,34,"POLYGON ((-73.9513116249555 40.802798387854835, -73.95131062111622 40.804170750353514, -73.95311666890105 40.8041714990096, -73.95311763550467 40.80279913649568, -73.9513116249555 40.802798387854835))",-0.649518519,0,2024-02-26 19:30:00,New York City Police Department,Illegal Parking,Blocked Bike Lane,Street/Sidewalk,7 AVENUE
Queens,42,"POLYGON ((-73.8766476725735 40.73623544375824, -73.87664513188132 40.73760781877612, -73.87844937394281 40.73760973722932, -73.87845187747382 40.73623736217228, -73.8766476725735 40.73623544375824))",-0.6745,0,2024-01-06 12:45:00,New York City Police Department,Encampment,,Subway,
Queens,51,"POLYGON ((-73.92422280336952 40.77127240379906, -73.92422124176248 40.77264477270012, -73.92602643417196 40.77264594577067, -73.92602795857863 40.77127357684567, -73.92422280336952 40.77127240379906))",-0.5901875,0,2025-04-21 09:15:00,Department of Transportation,Street Light Condition,Street Light Out,,ASTORIA BOULEVARD
Queens,121,"POLYGON ((-73.78723589990896 40.75719526523374, -73.78723151622326 40.7585676334596, -73.78903632253046 40.758570952729194, -73.7890406690319 40.75719858443559, -73.78723589990896 40.75719526523374))",-0.322213376,0,2024-11-16 21:45:00,Department of Parks and Recreation,Damaged Tree,Branch Cracked and Will Fall,Street,193 STREET
Queens,13,"POLYGON ((-73.7728496017094 40.65902042351718, -73.77284492850401 40.66039280882225, -73.7746470778922 40.66039635355003, -73.77465171402272 40.65902396817259, -73.7728496017094 40.65902042351718))",-0.835095238,0,2025-04-28 03:30:00,Department of Transportation,Street Light Condition,Lamppost Knocked Down,,
Queens,91,"POLYGON ((-73.8766476725735 40.73623544375824, -73.87664513188132 40.73760781877612, -73.87844937394281 40.73760973722932, -73.87845187747382 40.73623736217228, -73.8766476725735 40.73623544375824))",0.6745,0,2024-01-09 07:30:00,New York City Police Department,Encampment,,Subway,
Queens,91,"POLYGON ((-73.8766476725735 40.73623544375824, -73.87664513188132 40.73760781877612, -73.87844937394281 40.73760973722932, -73.87845187747382 40.73623736217228, -73.8766476725735 40.73623544375824))",0.6745,0,2024-01-09 07:30:00,Department of Homeless Services,Encampment,,Subway,
Queens,112,"POLYGON ((-73.8766476725735 40.73623544375824, -73.87664513188132 40.73760781877612, -73.87844937394281 40.73760973722932, -73.87845187747382 40.73623736217228, -73.8766476725735 40.73623544375824))",1.252642857,1,2024-01-11 16:45:00,New York City Police Department,Encampment,,Subway,
Queens,75,"POLYGON ((-73.92422280336952 40.77127240379906, -73.92422124176248 40.77264477270012, -73.92602643417196 40.77264594577067, -73.92602795857863 40.77127357684567, -73.92422280336952 40.77127240379906))",0.4215625,0,2025-04-21 09:15:00,Department of Transportation,Street Light Condition,Street Light Out,,ASTORIA BOULEVARD
Queens,44,"POLYGON ((-73.92422280336952 40.77127240379906, -73.92422124176248 40.77264477270012, -73.92602643417196 40.77264594577067, -73.92602795857863 40.77127357684567, -73.92422280336952 40.77127240379906))",-0.88528125,0,2025-04-26 08:15:00,New York City Police Department,Illegal Parking,Blocked Sidewalk,Street/Sidewalk,22 STREET
Brooklyn,4,"POLYGON ((-74.0233465611785 40.63904582452113, -74.02334704134819 40.640418217490144, -74.02514865715985 40.640417837597134, -74.02514813993702 40.639045444635876, -74.0233465611785 40.63904582452113))",-1.168036585,0,2025-01-28 03:45:00,New York City Police Department,Illegal Parking,Double Parked Blocking Traffic,Street/Sidewalk,65 STREET
Brooklyn,41,"POLYGON ((-73.91083815233019 40.70048814752186, -73.91083631684495 40.70186052976721, -73.91263959228006 40.70186191256544, -73.91264139064388 40.70048953029187, -73.91083815233019 40.70048814752186))",0.29509375,0,2024-06-02 12:45:00,New York City Police Department,Blocked Driveway,No Access,Street/Sidewalk,LINDEN STREET
Queens,82,"POLYGON ((-73.87654158461574 40.73640908537829, -73.87653904173183 40.73778146036058, -73.87834328849227 40.7377833804758, -73.87834579421481 40.73641100545433, -73.87654158461574 40.73640908537829))",1.55135,1,2024-01-06 12:45:00,New York City Police Department,Encampment,,Subway,
Queens,66,"POLYGON ((-73.87654158461574 40.73640908537829, -73.87653904173183 40.73778146036058, -73.87834328849227 40.7377833804758, -73.87834579421481 40.73641100545433, -73.87654158461574 40.73640908537829))",0.47215,0,2024-01-06 21:45:00,New York City Police Department,Encampment,,Subway,
Brooklyn,59,"POLYGON ((-74.0233465611785 40.63904582452113, -74.02334704134819 40.640418217490144, -74.02514865715985 40.640417837597134, -74.02514813993702 40.639045444635876, -74.0233465611785 40.63904582452113))",0.641597561,0,2025-01-31 18:45:00,Department of Transportation,Traffic Signal Condition,Veh Signal Lamp,,
Queens,91,"POLYGON ((-73.92422280336952 40.77127240379906, -73.92422124176248 40.77264477270012, -73.92602643417196 40.77264594577067, -73.92602795857863 40.77127357684567, -73.92422280336952 40.77127240379906))",1.0960625,1,2025-04-22 19:00:00,New York City Police Department,Abandoned Vehicle,With License Plate,Street/Sidewalk,NEWTOWN AVENUE
Queens,91,"POLYGON ((-73.92422280336952 40.77127240379906, -73.92422124176248 40.77264477270012, -73.92602643417196 40.77264594577067, -73.92602795857863 40.77127357684567, -73.92422280336952 40.77127240379906))",1.0960625,1,2025-04-22 19:00:00,Department of Sanitation,Street Sweeping Complaint,Inadequate Sweeping,Street,NEWTOWN AVENUE
Manhattan,19,"POLYGON ((-73.9320339827327 40.794668558167224, -73.93203258160518 40.79604092223327, -73.93383840857327 40.79604197291632, -73.93383977247424 40.79466960882884, -73.9320339827327 40.794668558167224))",0.0,0,2024-09-11 13:15:00,New York City Police Department,Illegal Parking,Double Parked Blocking Vehicle,Street/Sidewalk,EAST  116 STREET
Queens,57,"POLYGON ((-73.87654158461574 40.73640908537829, -73.87653904173183 40.73778146036058, -73.87834328849227 40.7377833804758, -73.87834579421481 40.73641100545433, -73.87654158461574 40.73640908537829))",-0.1349,0,2024-01-11 16:45:00,New York City Police Department,Encampment,,Subway,
Brooklyn,43,"POLYGON ((-74.02491684141587 40.63807634384669, -74.02491735387413 40.639448736955096, -74.02671894350112 40.63944833246003, -74.0267183939908 40.63807593935989, -74.02491684141587 40.63807634384669))",1.68625,1,2025-01-27 08:45:00,New York City Police Department,Illegal Parking,Posted Parking Sign Violation,Street/Sidewalk,WAKEMAN PLACE
Brooklyn,47,"POLYGON ((-74.02491684141587 40.63807634384669, -74.02491735387413 40.639448736955096, -74.02671894350112 40.63944833246003, -74.0267183939908 40.63807593935989, -74.02491684141587 40.63807634384669))",1.95605,1,2025-01-27 09:00:00,New York City Police Department,Abandoned Vehicle,With License Plate,Street/Sidewalk,WAKEMAN PLACE
Brooklyn,40,"POLYGON ((-73.97866979197462 40.64278572261434, -73.97866935325075 40.644158115023906, -73.9804710700729 40.64415843509893, -73.98047147173946 40.642786042682815, -73.97866979197462 40.64278572261434))",0.262305556,0,2025-03-01 11:15:00,New York City Police Department,Illegal Parking,Blocked Hydrant,Street/Sidewalk,BEVERLEY ROAD
Queens,54,"POLYGON ((-73.92422280336952 40.77127240379906, -73.92422124176248 40.77264477270012, -73.92602643417196 40.77264594577067, -73.92602795857863 40.77127357684567, -73.92422280336952 40.77127240379906))",-0.46371875,0,2025-04-26 08:15:00,New York City Police Department,Illegal Parking,Blocked Sidewalk,Street/Sidewalk,22 STREET
Brooklyn,30,"POLYGON ((-73.91083815233019 40.70048814752186, -73.91083631684495 40.70186052976721, -73.91263959228006 40.70186191256544, -73.91264139064388 40.70048953029187, -73.91083815233019 40.70048814752186))",-0.168625,0,2024-06-09 09:15:00,New York City Police Department,Blocked Driveway,No Access,Street/Sidewalk,LINDEN STREET
Brooklyn,34,"POLYGON ((-73.91083815233019 40.70048814752186, -73.91083631684495 40.70186052976721, -73.91263959228006 40.70186191256544, -73.91264139064388 40.70048953029187, -73.91083815233019 40.70048814752186))",0.0,0,2024-06-09 10:00:00,New York City Police Department,Blocked Driveway,No Access,Street/Sidewalk,LINDEN STREET
Brooklyn,39,"POLYGON ((-73.91083815233019 40.70048814752186, -73.91083631684495 40.70186052976721, -73.91263959228006 40.70186191256544, -73.91264139064388 40.70048953029187, -73.91083815233019 40.70048814752186))",0.21078125,0,2024-06-09 16:15:00,New York City Police Department,Blocked Driveway,No Access,Street/Sidewalk,LINDEN STREET
Brooklyn,28,"POLYGON ((-73.91083815233019 40.70048814752186, -73.91083631684495 40.70186052976721, -73.91263959228006 40.70186191256544, -73.91264139064388 40.70048953029187, -73.91083815233019 40.70048814752186))",-0.2529375,0,2024-06-09 20:15:00,New York City Police Department,Blocked Driveway,No Access,Street/Sidewalk,LINDEN STREET
Queens,61,"POLYGON ((-73.87654158461574 40.73640908537829, -73.87653904173183 40.73778146036058, -73.87834328849227 40.7377833804758, -73.87834579421481 40.73641100545433, -73.87654158461574 40.73640908537829))",0.1349,0,2024-01-14 10:00:00,New York City Police Department,Encampment,,Subway,
Brooklyn,55,"POLYGON ((-73.91083815233019 40.70048814752186, -73.91083631684495 40.70186052976721, -73.91263959228006 40.70186191256544, -73.91264139064388 40.70048953029187, -73.91083815233019 40.70048814752186))",0.88528125,0,2024-06-10 15:15:00,New York City Police Department,Blocked Driveway,No Access,Street/Sidewalk,LINDEN STREET
Brooklyn,130,"POLYGON ((-73.97995444742287 40.64654804661229, -73.97995403509881 40.64792043844988, -73.98175585352463 40.64792073839676, -73.98175622878722 40.64654834655306, -73.97995444742287 40.64654804661229))",0.0,0,2025-02-22 16:30:00,Department of Transportation,Traffic Signal Condition,Veh Signal Lamp,,
Bronx,121,"POLYGON ((-73.84152954456823 40.86780053391224, -73.84152627408959 40.86917287924508, -73.84333408468446 40.86917534782106, -73.84333731785483 40.86780300243788, -73.84152954456823 40.86780053391224))",0.32902439,0,2024-09-12 13:30:00,Department of Parks and Recreation,Overgrown Tree/Branches,Blocking Street,Street,ONEIL PLACE
Manhattan,65,"POLYGON ((-73.9320339827327 40.794668558167224, -73.93203258160518 40.79604092223327, -73.93383840857327 40.79604197291632, -73.93383977247424 40.79466960882884, -73.9320339827327 40.794668558167224))",2.820636364,2,2024-09-11 13:15:00,New York City Police Department,Illegal Parking,Double Parked Blocking Vehicle,Street/Sidewalk,EAST  116 STREET
Brooklyn,14,"POLYGON ((-73.91083815233019 40.70048814752186, -73.91083631684495 40.70186052976721, -73.91263959228006 40.70186191256544, -73.91264139064388 40.70048953029187, -73.91083815233019 40.70048814752186))",-0.843125,0,2024-06-14 00:00:00,Department of Transportation,Street Condition,Pothole,,
Brooklyn,27,"POLYGON ((-73.96628726515767 40.58021135286303, -73.96628657239728 40.58158375394024, -73.96808660106743 40.58158426803369, -73.96808725683992 40.580211866946, -73.96628726515767 40.58021135286303))",0.974277778,0,2025-07-08 09:30:00,New York City Police Department,Abandoned Vehicle,With License Plate,Street/Sidewalk,OCEAN PARKWAY
Brooklyn,27,"POLYGON ((-73.96628726515767 40.58021135286303, -73.96628657239728 40.58158375394024, -73.96808660106743 40.58158426803369, -73.96808725683992 40.580211866946, -73.96628726515767 40.58021135286303))",0.974277778,0,2025-07-08 09:30:00,New York City Police Department,Illegal Parking,Posted Parking Sign Violation,Street/Sidewalk,OCEAN PARKWAY
Queens,9,"POLYGON ((-73.78771245795055 40.75797663326626, -73.78770808403227 40.759349001353684, -73.78951291153507 40.759352313156434, -73.78951724826818 40.75797994500144, -73.78771245795055 40.75797663326626))",1.349,1,2024-11-22 08:45:00,New York City Police Department,Abandoned Vehicle,With License Plate,Street/Sidewalk,193 STREET
Bronx,38,"POLYGON ((-73.92835908518103 40.80740603366862, -73.92835760801243 40.808778394905765, -73.93016378051031 40.80877950315876, -73.93016522043811 40.80740714189901, -73.92835908518103 40.80740603366862))",1.55135,1,2025-04-04 10:45:00,New York City Police Department,Illegal Parking,Posted Parking Sign Violation,Street/Sidewalk,LINCOLN AVENUE
Manhattan,20,"POLYGON ((-73.94974825825116 40.79679299587084, -73.94974722227242 40.79816535966469, -73.95155310710966 40.798166132816135, -73.95155410585946 40.796793769006534, -73.94974825825116 40.79679299587084))",-0.476117647,0,2024-02-28 00:00:00,New York City Police Department,Illegal Parking,Posted Parking Sign Violation,Street/Sidewalk,WEST  110 STREET
Bronx,96,"POLYGON ((-73.84152954456823 40.86780053391224, -73.84152627408959 40.86917287924508, -73.84333408468446 40.86917534782106, -73.84333731785483 40.86780300243788, -73.84152954456823 40.86780053391224))",-0.082256098,0,2024-09-14 10:00:00,Department of Transportation,Street Light Condition,Street Light Out,,O NEIL PLACE
Brooklyn,22,"POLYGON ((-73.907235872648 40.69702295173905, -73.90723396310555 40.698395334535086, -73.90903714473838 40.69839677377263, -73.9090390171633 40.69702439094721, -73.907235872648 40.69702295173905))",0.112416667,0,2024-03-27 08:45:00,Department of Parks and Recreation,Damaged Tree,Branch Cracked and Will Fall,Street,CORNELIA STREET
Brooklyn,35,"POLYGON ((-73.907235872648 40.69702295173905, -73.90723396310555 40.698395334535086, -73.90903714473838 40.69839677377263, -73.9090390171633 40.69702439094721, -73.907235872648 40.69702295173905))",0.843125,0,2024-03-28 08:00:00,Department of Buildings,General Construction/Plumbing,Vent/Exhaust - Illegal/Improper,,JEFFERSON AVENUE
Brooklyn,25,"POLYGON ((-73.907235872648 40.69702295173905, -73.90723396310555 40.698395334535086, -73.90903714473838 40.69839677377263, -73.9090390171633 40.69702439094721, -73.907235872648 40.69702295173905))",0.281041667,0,2024-03-28 08:45:00,Department of Buildings,General Construction/Plumbing,Vent/Exhaust - Illegal/Improper,,JEFFERSON AVENUE
Manhattan,9,"POLYGON ((-73.94974825825116 40.79679299587084, -73.94974722227242 40.79816535966469, -73.95155310710966 40.798166132816135, -73.95155410585946 40.796793769006534, -73.94974825825116 40.79679299587084))",-0.912558824,0,2024-02-28 00:00:00,New York City Police Department,Illegal Parking,Posted Parking Sign Violation,Street/Sidewalk,WEST  110 STREET
Brooklyn,31,"POLYGON ((-73.907235872648 40.69702295173905, -73.90723396310555 40.698395334535086, -73.90903714473838 40.69839677377263, -73.9090390171633 40.69702439094721, -73.907235872648 40.69702295173905))",0.618291667,0,2024-03-28 16:30:00,Department of Buildings,General Construction/Plumbing,Vent/Exhaust - Illegal/Improper,,JEFFERSON AVENUE
Brooklyn,29,"POLYGON ((-73.907235872648 40.69702295173905, -73.90723396310555 40.698395334535086, -73.90903714473838 40.69839677377263, -73.9090390171633 40.69702439094721, -73.907235872648 40.69702295173905))",0.505875,0,2024-03-28 19:00:00,Department of Buildings,General Construction/Plumbing,Vent/Exhaust - Illegal/Improper,,JEFFERSON AVENUE
Brooklyn,37,"POLYGON ((-73.907235872648 40.69702295173905, -73.90723396310555 40.698395334535086, -73.90903714473838 40.69839677377263, -73.9090390171633 40.69702439094721, -73.907235872648 40.69702295173905))",0.955541667,0,2024-03-29 11:45:00,Department of Buildings,General Construction/Plumbing,Vent/Exhaust - Illegal/Improper,,JEFFERSON AVENUE
Queens,7,"POLYGON ((-73.78771245795055 40.75797663326626, -73.78770808403227 40.759349001353684, -73.78951291153507 40.759352313156434, -73.78951724826818 40.75797994500144, -73.78771245795055 40.75797663326626))",0.899333333,0,2024-11-22 08:45:00,New York City Police Department,Abandoned Vehicle,With License Plate,Street/Sidewalk,193 STREET
Bronx,10,"POLYGON ((-73.92786156576815 40.807569374029164, -73.92786007833753 40.80894173522378, -73.92966625525976 40.80894285127137, -73.9296677054494 40.807570490053976, -73.92786156576815 40.807569374029164))",-0.33725,0,2025-04-04 10:45:00,New York City Police Department,Illegal Parking,Posted Parking Sign Violation,Street/Sidewalk,LINCOLN AVENUE
Brooklyn,20,"POLYGON ((-73.90286547415965 40.69193210427665, -73.90286347480559 40.69330448788451, -73.904666518663 40.69330599559639, -73.9046684809052 40.69193361195774, -73.90286547415965 40.69193210427665))",-0.626321429,0,2024-04-14 02:30:00,New York City Police Department,Illegal Parking,Posted Parking Sign Violation,Street/Sidewalk,SCHAEFER STREET
Brooklyn,121,"POLYGON ((-73.96522558826223 40.68898708757481, -73.96522487251978 40.690359472425946, -73.9670278376802 40.69036000312396, -73.96702851631399 40.688987618261976, -73.96522558826223 40.68898708757481))",0.518846154,0,2025-12-11 14:15:00,New York City Police Department,Blocked Driveway,No Access,Street/Sidewalk,DEKALB AVENUE
Brooklyn,48,"POLYGON ((-73.90286547415965 40.69193210427665, -73.90286347480559 40.69330448788451, -73.904666518663 40.69330599559639, -73.9046684809052 40.69193361195774, -73.90286547415965 40.69193210427665))",0.722678571,0,2024-04-20 18:45:00,New York City Police Department,Illegal Parking,Posted Parking Sign Violation,Street/Sidewalk,SCHAEFER STREET
Brooklyn,66,"POLYGON ((-73.97893945369283 40.67664075110173, -73.97893902029553 40.67801313811022, -73.98074165175592 40.67801345395193, -73.9807420480583 40.67664106693698, -73.97893945369283 40.67664075110173))",0.843125,0,2024-03-25 15:15:00,New York City Police Department,Blocked Driveway,No Access,Street/Sidewalk,BERKELEY PLACE
Brooklyn,63,"POLYGON ((-73.97893945369283 40.67664075110173, -73.97893902029553 40.67801313811022, -73.98074165175592 40.67801345395193, -73.9807420480583 40.67664106693698, -73.97893945369283 40.67664075110173))",0.71665625,0,2024-03-25 15:30:00,New York City Police Department,Blocked Driveway,No Access,Street/Sidewalk,BERKELEY PLACE
Brooklyn,63,"POLYGON ((-73.97893945369283 40.67664075110173, -73.97893902029553 40.67801313811022, -73.98074165175592 40.67801345395193, -73.9807420480583 40.67664106693698, -73.97893945369283 40.67664075110173))",0.71665625,0,2024-03-25 15:30:00,New York City Police Department,Illegal Parking,Posted Parking Sign Violation,Street/Sidewalk,BERKELEY PLACE
Brooklyn,56,"POLYGON ((-73.97893945369283 40.67664075110173, -73.97893902029553 40.67801313811022, -73.98074165175592 40.67801345395193, -73.9807420480583 40.67664106693698, -73.97893945369283 40.67664075110173))",0.4215625,0,2024-03-25 16:00:00,New York City Police Department,Blocked Driveway,No Access,Street/Sidewalk,BERKELEY PLACE
Brooklyn,72,"POLYGON ((-73.95087214522715 40.69064093691866, -73.95087113403069 40.692013321377466, -73.95267414377706 40.69201407695481, -73.95267511786304 40.69064169248059, -73.95087214522715 40.69064093691866))",-0.213,0,2024-12-03 09:30:00,Department of Transportation,Street Condition,Blocked - Construction,Street,NOSTRAND AVENUE
Brooklyn,98,"POLYGON ((-73.95087214522715 40.69064093691866, -73.95087113403069 40.692013321377466, -73.95267414377706 40.69201407695481, -73.95267511786304 40.69064169248059, -73.95087214522715 40.69064093691866))",0.71,0,2024-12-03 13:00:00,Department of Transportation,Street Light Condition,Street Light Out,,NOSTRAND AVENUE
Manhattan,133,"POLYGON ((-74.00199665383592 40.707824160860795, -74.00199669494354 40.70919654251031, -74.003800169731 40.70919649710072, -74.0038000914937 40.70782411545215, -74.00199665383592 40.707824160860795))",0.298034884,0,2024-03-14 14:00:00,New York City Police Department,Illegal Parking,Parking Permit Improper Use,Street/Sidewalk,PEARL STREET
Manhattan,121,"POLYGON ((-74.00199665383592 40.707824160860795, -74.00199669494354 40.70919654251031, -74.003800169731 40.70919649710072, -74.0038000914937 40.70782411545215, -74.00199665383592 40.707824160860795))",-0.078430233,0,2024-03-12 14:00:00,New York City Police Department,Illegal Parking,Parking Permit Improper Use,Street/Sidewalk,PEARL STREET
Manhattan,122,"POLYGON ((-74.00199665383592 40.707824160860795, -74.00199669494354 40.70919654251031, -74.003800169731 40.70919649710072, -74.0038000914937 40.70782411545215, -74.00199665383592 40.707824160860795))",-0.04705814,0,2024-03-14 14:00:00,New York City Police Department,Illegal Parking,Parking Permit Improper Use,Street/Sidewalk,PEARL STREET
Brooklyn,139,"POLYGON ((-73.99070322092639 40.68875035762872, -73.99070302957661 40.69012274262093, -73.99250598845698 40.69012287415301, -73.99250614269835 40.68875048915813, -73.99070322092639 40.68875035762872))",0.899333333,0,2025-03-19 07:30:00,Department of Transportation,Traffic Signal Condition,Controller,,
Brooklyn,97,"POLYGON ((-73.95087214522715 40.69064093691866, -73.95087113403069 40.692013321377466, -73.95267414377706 40.69201407695481, -73.95267511786304 40.69064169248059, -73.95087214522715 40.69064093691866))",0.6745,0,2024-12-11 13:15:00,New York City Police Department,Abandoned Vehicle,With License Plate,Street/Sidewalk,KOSCIUSZKO STREET
Brooklyn,87,"POLYGON ((-73.99261608308665 40.70185021194682, -73.99261593107823 40.703222594657355, -73.99441924425035 40.703222696217054, -73.99441935913575 40.70185031350447, -73.99261608308665 40.70185021194682))",0.767534483,0,2025-06-01 14:00:00,New York City Police Department,Illegal Parking,Blocked Sidewalk,Street/Sidewalk,OLD FULTON STREET
Brooklyn,99,"POLYGON ((-73.99261608308665 40.70185021194682, -73.99261593107823 40.703222594657355, -73.99441924425035 40.703222696217054, -73.99441935913575 40.70185031350447, -73.99261608308665 40.70185021194682))",1.046637931,1,2025-06-01 15:30:00,New York City Police Department,Illegal Parking,Posted Parking Sign Violation,Street/Sidewalk,OLD FULTON STREET
Brooklyn,93,"POLYGON ((-73.99261608308665 40.70185021194682, -73.99261593107823 40.703222594657355, -73.99441924425035 40.703222696217054, -73.99441935913575 40.70185031350447, -73.99261608308665 40.70185021194682))",0.907086207,0,2025-06-01 16:45:00,New York City Police Department,Illegal Parking,Blocked Sidewalk,Street/Sidewalk,OLD FULTON STREET
Brooklyn,100,"POLYGON ((-73.99261608308665 40.70185021194682, -73.99261593107823 40.703222594657355, -73.99441924425035 40.703222696217054, -73.99441935913575 40.70185031350447, -73.99261608308665 40.70185021194682))",1.069896552,1,2025-06-01 21:00:00,New York City Police Department,Illegal Parking,Blocked Sidewalk,Street/Sidewalk,OLD FULTON STREET
Brooklyn,46,"POLYGON ((-73.99261608308665 40.70185021194682, -73.99261593107823 40.703222594657355, -73.99441924425035 40.703222696217054, -73.99441935913575 40.70185031350447, -73.99261608308665 40.70185021194682))",-0.186068966,0,2025-06-01 23:15:00,New York City Police Department,Illegal Parking,Commercial Overnight Parking,Street/Sidewalk,WATER STREET
Brooklyn,108,"POLYGON ((-73.99070322092639 40.68875035762872, -73.99070302957661 40.69012274262093, -73.99250598845698 40.69012287415301, -73.99250614269835 40.68875048915813, -73.99070322092639 40.68875035762872))",0.20235,0,2025-03-23 11:45:00,New York City Police Department,Illegal Parking,Posted Parking Sign Violation,Street/Sidewalk,COURT STREET
Brooklyn,99,"POLYGON ((-73.94735937803709 40.689933069369935, -73.94735829454902 40.691305453918744, -73.94916128511333 40.69130626453192, -73.9491623314917 40.68993387996656, -73.94735937803709 40.689933069369935))",0.174064516,0,2024-12-03 19:45:00,Department of Transportation,Street Condition,Blocked - Construction,Street,MARCY AVENUE
Brooklyn,99,"POLYGON ((-73.94735937803709 40.689933069369935, -73.94735829454902 40.691305453918744, -73.94916128511333 40.69130626453192, -73.9491623314917 40.68993387996656, -73.94735937803709 40.689933069369935))",0.174064516,0,2024-12-03 19:45:00,Department of Transportation,Street Condition,Blocked - Construction,Street,MARCY AVENUE
Brooklyn,92,"POLYGON ((-73.99261608308665 40.70185021194682, -73.99261593107823 40.703222594657355, -73.99441924425035 40.703222696217054, -73.99441935913575 40.70185031350447, -73.99261608308665 40.70185021194682))",0.883827586,0,2025-06-04 16:00:00,New York City Police Department,Illegal Parking,Blocked Sidewalk,Street/Sidewalk,OLD FULTON STREET
Brooklyn,91,"POLYGON ((-73.99261608308665 40.70185021194682, -73.99261593107823 40.703222594657355, -73.99441924425035 40.703222696217054, -73.99441935913575 40.70185031350447, -73.99261608308665 40.70185021194682))",0.860568966,0,2025-06-04 18:00:00,New York City Police Department,Illegal Parking,Blocked Sidewalk,Street/Sidewalk,OLD FULTON STREET
Brooklyn,50,"POLYGON ((-73.99261608308665 40.70185021194682, -73.99261593107823 40.703222594657355, -73.99441924425035 40.703222696217054, -73.99441935913575 40.70185031350447, -73.99261608308665 40.70185021194682))",-0.093034483,0,2025-06-05 11:30:00,New York City Police Department,Illegal Parking,Blocked Sidewalk,Street/Sidewalk,OLD FULTON STREET
Brooklyn,70,"POLYGON ((-73.99261608308665 40.70185021194682, -73.99261593107823 40.703222594657355, -73.99441924425035 40.703222696217054, -73.99441935913575 40.70185031350447, -73.99261608308665 40.70185021194682))",0.372137931,0,2025-06-05 11:45:00,New York City Police Department,Illegal Parking,Posted Parking Sign Violation,Street/Sidewalk,WATER STREET
Brooklyn,92,"POLYGON ((-73.99261608308665 40.70185021194682, -73.99261593107823 40.703222594657355, -73.99441924425035 40.703222696217054, -73.99441935913575 40.70185031350447, -73.99261608308665 40.70185021194682))",0.883827586,0,2025-06-05 14:00:00,New York City Police Department,Illegal Parking,Posted Parking Sign Violation,Street/Sidewalk,WATER STREET
Brooklyn,76,"POLYGON ((-73.99261608308665 40.70185021194682, -73.99261593107823 40.703222594657355, -73.99441924425035 40.703222696217054, -73.99441935913575 40.70185031350447, -73.99261608308665 40.70185021194682))",0.511689655,0,2025-06-05 14:45:00,New York City Police Department,Illegal Parking,Blocked Sidewalk,Street/Sidewalk,OLD FULTON STREET
Brooklyn,76,"POLYGON ((-73.99261608308665 40.70185021194682, -73.99261593107823 40.703222594657355, -73.99441924425035 40.703222696217054, -73.99441935913575 40.70185031350447, -73.99261608308665 40.70185021194682))",0.511689655,0,2025-06-05 14:45:00,New York City Police Department,Illegal Parking,Posted Parking Sign Violation,Street/Sidewalk,WATER STREET
Brooklyn,93,"POLYGON ((-73.99261608308665 40.70185021194682, -73.99261593107823 40.703222594657355, -73.99441924425035 40.703222696217054, -73.99441935913575 40.70185031350447, -73.99261608308665 40.70185021194682))",0.907086207,0,2025-06-05 15:30:00,New York City Police Department,Illegal Parking,Blocked Bike Lane,Street/Sidewalk,ELIZABETH PLACE
Brooklyn,124,"POLYGON ((-73.99261608308665 40.70185021194682, -73.99261593107823 40.703222594657355, -73.99441924425035 40.703222696217054, -73.99441935913575 40.70185031350447, -73.99261608308665 40.70185021194682))",1.628103448,1,2025-06-05 15:45:00,New York City Police Department,Illegal Parking,Blocked Sidewalk,Street/Sidewalk,OLD FULTON STREET
Bronx,126,"POLYGON ((-73.84214963396792 40.858153875054015, -73.84214637675906 40.859526222761566, -73.84395392515691 40.85952868162896, -73.84395714506833 40.858156333871264, -73.84214963396792 40.858153875054015))",1.287681818,1,2025-04-21 11:15:00,New York City Police Department,Blocked Driveway,Partial Access,Street/Sidewalk,EASTCHESTER ROAD
Brooklyn,122,"POLYGON ((-73.99261608308665 40.70185021194682, -73.99261593107823 40.703222594657355, -73.99441924425035 40.703222696217054, -73.99441935913575 40.70185031350447, -73.99261608308665 40.70185021194682))",1.581586207,1,2025-06-05 18:15:00,New York City Police Department,Illegal Parking,Blocked Sidewalk,Street/Sidewalk,OLD FULTON STREET
Brooklyn,122,"POLYGON ((-73.99261608308665 40.70185021194682, -73.99261593107823 40.703222594657355, -73.99441924425035 40.703222696217054, -73.99441935913575 40.70185031350447, -73.99261608308665 40.70185021194682))",1.581586207,1,2025-06-05 18:15:00,New York City Police Department,Illegal Parking,Posted Parking Sign Violation,Street/Sidewalk,WATER STREET
Manhattan,167,"POLYGON ((-73.93462499666411 40.827749261818816, -73.9346236482806 40.82912161854751, -73.9364303730979 40.8291226286245, -73.93643168421787 40.8277502718752, -73.93462499666411 40.827749261818816))",0.277735294,0,2024-03-05 09:45:00,Department of Transportation,Traffic Signal Condition,Controller,,
Brooklyn,34,"POLYGON ((-73.97893945369283 40.67664075110173, -73.97893902029553 40.67801313811022, -73.98074165175592 40.67801345395193, -73.9807420480583 40.67664106693698, -73.97893945369283 40.67664075110173))",-0.505875,0,2024-03-22 09:00:00,Department of Parks and Recreation,New Tree Request,For One Address,Street,5 AVENUE
Queens,216,"POLYGON ((-73.89614589404492 40.753643811402526, -73.89614375439905 40.75501618342046, -73.89794846849146 40.75501779638342, -73.8979505709567 40.75364542433258, -73.89614589404492 40.753643811402526))",1.646573529,1,2024-06-07 17:45:00,Department of Transportation,Street Condition,"Rough, Pitted or Cracked Roads",Street,NORTHERN BOULEVARD
Queens,50,"POLYGON ((-73.89614589404492 40.753643811402526, -73.89614375439905 40.75501618342046, -73.89794846849146 40.75501779638342, -73.8979505709567 40.75364542433258, -73.89614589404492 40.753643811402526))",-1.646573529,0,2024-06-08 06:30:00,Department of Transportation,Street Condition,Pothole,,
Manhattan,88,"POLYGON ((-73.93462499666411 40.827749261818816, -73.9346236482806 40.82912161854751, -73.9364303730979 40.8291226286245, -73.93643168421787 40.8277502718752, -73.93462499666411 40.827749261818816))",-0.767078431,0,2024-03-07 23:00:00,Department of Transportation,Street Sign - Dangling,Bus Stop,Street,MACOMBS PLACE
Queens,163,"POLYGON ((-73.89614589404492 40.753643811402526, -73.89614375439905 40.75501618342046, -73.89794846849146 40.75501779638342, -73.8979505709567 40.75364542433258, -73.89614589404492 40.753643811402526))",0.595147059,0,2024-06-10 08:00:00,Department of Transportation,Street Condition,Pothole,,
Bronx,65,"POLYGON ((-73.8400522681409 40.85462383716716, -73.84004896782857 40.85599618566797, -73.84185642021284 40.85599867739687, -73.84185968323169 40.85462632884524, -73.8400522681409 40.85462383716716))",3.0,2,2024-03-06 09:00:00,New York City Police Department,Blocked Driveway,Partial Access,Street/Sidewalk,RHINELANDER AVENUE
Manhattan,285,"POLYGON ((-73.93291959036472 40.827414501543075, -73.93291820681355 40.82878685832842, -73.9347249225151 40.82878789512412, -73.93472626880308 40.82741553831763, -73.93291959036472 40.827414501543075))",0.800254237,0,2024-11-05 11:30:00,Department of Transportation,Street Light Condition,Street Light Out,,MACOMBS DAM BRIDGE
Queens,158,"POLYGON ((-73.89614589404492 40.753643811402526, -73.89614375439905 40.75501618342046, -73.89794846849146 40.75501779638342, -73.8979505709567 40.75364542433258, -73.89614589404492 40.753643811402526))",0.495955882,0,2024-06-07 17:45:00,Department of Transportation,Street Condition,"Rough, Pitted or Cracked Roads",Street,NORTHERN BOULEVARD
Queens,109,"POLYGON ((-73.89614589404492 40.753643811402526, -73.89614375439905 40.75501618342046, -73.89794846849146 40.75501779638342, -73.8979505709567 40.75364542433258, -73.89614589404492 40.753643811402526))",-0.476117647,0,2024-06-08 06:30:00,Department of Transportation,Street Condition,Pothole,,
Manhattan,201,"POLYGON ((-73.93462499666411 40.827749261818816, -73.9346236482806 40.82912161854751, -73.9364303730979 40.8291226286245, -73.93643168421787 40.8277502718752, -73.93462499666411 40.827749261818816))",0.727401961,0,2024-03-05 09:45:00,Department of Transportation,Traffic Signal Condition,Controller,,
Queens,107,"POLYGON ((-73.78723589990896 40.75719526523374, -73.78723151622326 40.7585676334596, -73.78903632253046 40.758570952729194, -73.7890406690319 40.75719858443559, -73.78723589990896 40.75719526523374))",-0.442506369,0,2024-11-16 21:45:00,Department of Parks and Recreation,Damaged Tree,Branch Cracked and Will Fall,Street,193 STREET
Brooklyn,120,"POLYGON ((-73.97768430166774 40.68339112128719, -73.97768384239461 40.68476350715659, -73.97948665633055 40.68476384266147, -73.97948707850122 40.683391456785245, -73.97768430166774 40.68339112128719))",1.074203704,1,2024-11-09 14:45:00,New York City Police Department,Illegal Parking,Double Parked Blocking Traffic,Street/Sidewalk,ATLANTIC AVENUE
Manhattan,110,"POLYGON ((-73.93462499666411 40.827749261818816, -73.9346236482806 40.82912161854751, -73.9364303730979 40.8291226286245, -73.93643168421787 40.8277502718752, -73.93462499666411 40.827749261818816))",-0.476117647,0,2024-03-07 23:00:00,Department of Transportation,Street Sign - Dangling,Bus Stop,Street,MACOMBS PLACE
Brooklyn,275,"POLYGON ((-73.97623660930242 40.682929495218104, -73.97623612023814 40.68430188115971, -73.97803892168663 40.68430223934618, -73.978039373649 40.682929853397276, -73.97623660930242 40.682929495218104))",1.349,1,2024-06-08 17:30:00,New York City Police Department,Illegal Parking,Blocked Sidewalk,Street/Sidewalk,PACIFIC STREET
Brooklyn,187,"POLYGON ((-73.97623660930242 40.682929495218104, -73.97623612023814 40.68430188115971, -73.97803892168663 40.68430223934618, -73.978039373649 40.682929853397276, -73.97623660930242 40.682929495218104))",-0.346885714,0,2024-06-05 11:45:00,New York City Police Department,Traffic,Congestion/Gridlock,Street/Sidewalk,ATLANTIC AVENUE
Brooklyn,226,"POLYGON ((-73.97623660930242 40.682929495218104, -73.97623612023814 40.68430188115971, -73.97803892168663 40.68430223934618, -73.978039373649 40.682929853397276, -73.97623660930242 40.682929495218104))",0.4047,0,2024-06-06 20:45:00,New York City Police Department,Illegal Parking,Blocked Sidewalk,Street/Sidewalk,PACIFIC STREET
Brooklyn,11,"POLYGON ((-73.86701163197326 40.67267931091384, -73.86700889541765 40.67405169703717, -73.86881141782858 40.674053766490644, -73.86881411729382 40.672681380325095, -73.86701163197326 40.67267931091384))",-1.438933333,0,2024-03-26 01:30:00,New York City Police Department,Blocked Driveway,No Access,Street/Sidewalk,HEMLOCK STREET
Brooklyn,7,"POLYGON ((-73.86701163197326 40.67267931091384, -73.86700889541765 40.67405169703717, -73.86881141782858 40.674053766490644, -73.86881411729382 40.672681380325095, -73.86701163197326 40.67267931091384))",-1.6188,0,2024-03-26 01:30:00,New York City Police Department,Blocked Driveway,No Access,Street/Sidewalk,HEMLOCK STREET
Brooklyn,99,"POLYGON ((-73.99621598209588 40.67915511976305, -73.996215904223 40.680527506389666, -73.99801860369261 40.68052755155368, -73.99801864446775 40.67915516492614, -73.99621598209588 40.67915511976305))",0.43516129,0,2024-05-16 13:00:00,Department of Transportation,Broken Parking Meter,No Receipt,Street,COURT STREET
Brooklyn,96,"POLYGON ((-73.99621598209588 40.67915511976305, -73.996215904223 40.680527506389666, -73.99801860369261 40.68052755155368, -73.99801864446775 40.67915516492614, -73.99621598209588 40.67915511976305))",0.369887097,0,2024-05-17 14:00:00,Department of Parks and Recreation,Damaged Tree,Tree Alive - in Poor Condition,Street,1 PLACE
Queens,61,"POLYGON ((-73.86030453146239 40.75827795394664, -73.86030165319804 40.75965032425858, -73.86210649183987 40.759652498751464, -73.8621093329185 40.75828012839516, -73.86030453146239 40.75827795394664))",0.8094,0,2024-03-13 17:00:00,New York City Police Department,Blocked Driveway,No Access,Street/Sidewalk,107 STREET
Brooklyn,112,"POLYGON ((-73.98337049307226 40.638435194550866, -73.98337015105562 40.63980758763599, -73.98517175042916 40.6398078340643, -73.98517205539332 40.63843544097414, -73.98337049307226 40.638435194550866))",0.899333333,0,2024-05-06 11:45:00,Department of Sanitation,Derelict Vehicles,Derelict Vehicles,Street,14 AVENUE
Brooklyn,106,"POLYGON ((-73.9627890443778 40.62424297443791, -73.96278827922829 40.62561536952086, -73.96458949538663 40.62561593841089, -73.96459022349943 40.62424354331634, -73.9627890443778 40.62424297443791))",1.478711538,1,2024-03-20 08:00:00,Department of Transportation,Street Condition,Pothole,,
Brooklyn,75,"POLYGON ((-73.98337049307226 40.638435194550866, -73.98337015105562 40.63980758763599, -73.98517175042916 40.6398078340643, -73.98517205539332 40.63843544097414, -73.98337049307226 40.638435194550866))",-0.289071429,0,2024-05-12 22:15:00,Department of Sanitation,Litter Basket Complaint,Overflowing,Sidewalk,14 AVENUE
Bronx,33,"POLYGON ((-73.90775266526711 40.81245929607161, -73.90775076306916 40.813831655883895, -73.9095570723184 40.81383308697624, -73.90955893726995 40.81246072713476, -73.90775266526711 40.81245929607161))",-0.365354167,0,2024-01-15 21:00:00,New York City Police Department,Blocked Driveway,No Access,Street/Sidewalk,CONCORD AVENUE
Bronx,22,"POLYGON ((-73.90775266526711 40.81245929607161, -73.90775076306916 40.813831655883895, -73.9095570723184 40.81383308697624, -73.90955893726995 40.81246072713476, -73.90775266526711 40.81245929607161))",-0.6745,0,2024-01-16 23:45:00,Department of Buildings,General Construction/Plumbing,Working Contrary To Stop Work Order,,JACKSON AVENUE
Bronx,64,"POLYGON ((-73.90775266526711 40.81245929607161, -73.90775076306916 40.813831655883895, -73.9095570723184 40.81383308697624, -73.90955893726995 40.81246072713476, -73.90775266526711 40.81245929607161))",0.505875,0,2024-01-15 08:15:00,Department of Buildings,General Construction/Plumbing,Working Contrary To Stop Work Order,,JACKSON AVENUE
Bronx,73,"POLYGON ((-73.90775266526711 40.81245929607161, -73.90775076306916 40.813831655883895, -73.9095570723184 40.81383308697624, -73.90955893726995 40.81246072713476, -73.90775266526711 40.81245929607161))",0.7588125,0,2024-01-15 08:45:00,Department of Buildings,General Construction/Plumbing,Egress - Doors Locked/Blocked/Improper/No Secondary Means,,JACKSON AVENUE
Bronx,77,"POLYGON ((-73.90775266526711 40.81245929607161, -73.90775076306916 40.813831655883895, -73.9095570723184 40.81383308697624, -73.90955893726995 40.81246072713476, -73.90775266526711 40.81245929607161))",0.871229167,0,2024-01-15 09:15:00,Department of Buildings,General Construction/Plumbing,Working Contrary To Stop Work Order,,JACKSON AVENUE
Bronx,70,"POLYGON ((-73.89195243167505 40.859545771914036, -73.89195020208906 40.86091812046809, -73.89375778985601 40.860919799079625, -73.89375998214287 40.85954745049134, -73.89195243167505 40.859545771914036))",-0.33725,0,2024-02-24 09:30:00,Department of Sanitation,Graffiti,Graffiti,Comercial,WEBSTER AVENUE
Bronx,96,"POLYGON ((-73.89195243167505 40.859545771914036, -73.89195020208906 40.86091812046809, -73.89375778985601 40.860919799079625, -73.89375998214287 40.85954745049134, -73.89195243167505 40.859545771914036))",0.5396,0,2024-02-24 14:30:00,Department of Sanitation,Graffiti,Graffiti,,EAST  189 STREET
Bronx,96,"POLYGON ((-73.89195243167505 40.859545771914036, -73.89195020208906 40.86091812046809, -73.89375778985601 40.860919799079625, -73.89375998214287 40.85954745049134, -73.89195243167505 40.859545771914036))",0.5396,0,2024-02-24 14:30:00,New York City Police Department,Encampment,,Street/Sidewalk,EAST  189 STREET
Bronx,96,"POLYGON ((-73.89195243167505 40.859545771914036, -73.89195020208906 40.86091812046809, -73.89375778985601 40.860919799079625, -73.89375998214287 40.85954745049134, -73.89195243167505 40.859545771914036))",0.5396,0,2024-02-24 14:30:00,Department of Homeless Services,Encampment,,Street/Sidewalk,EAST  189 STREET
Bronx,60,"POLYGON ((-73.90775266526711 40.81245929607161, -73.90775076306916 40.813831655883895, -73.9095570723184 40.81383308697624, -73.90955893726995 40.81246072713476, -73.90775266526711 40.81245929607161))",0.393458333,0,2024-01-15 21:00:00,New York City Police Department,Blocked Driveway,No Access,Street/Sidewalk,CONCORD AVENUE
Queens,18,"POLYGON ((-73.80240146876282 40.68797242598935, -73.80239740176701 40.689344807630945, -73.80420033511498 40.68934788934322, -73.80420436500361 40.6879755076387, -73.80240146876282 40.68797242598935))",0.168625,0,2024-01-19 12:15:00,New York City Police Department,Illegal Parking,Blocked Sidewalk,Street/Sidewalk,PINEGROVE STREET
Brooklyn,234,"POLYGON ((-73.93601997464899 40.72387248144743, -73.93601865709432 40.72524485979507, -73.93782256572864 40.72524584805455, -73.93782384613581 40.72387346968676, -73.93601997464899 40.72387248144743))",0.72155814,0,2024-03-16 13:00:00,Department of Transportation,Traffic Signal Condition,Enclosure Cap,,
Queens,57,"POLYGON ((-73.80240146876282 40.68797242598935, -73.80239740176701 40.689344807630945, -73.80420033511498 40.68934788934322, -73.80420436500361 40.6879755076387, -73.80240146876282 40.68797242598935))",3.0,2,2024-01-23 15:30:00,New York City Police Department,Abandoned Vehicle,With License Plate,Street/Sidewalk,PINEGROVE STREET
Queens,39,"POLYGON ((-73.80240146876282 40.68797242598935, -73.80239740176701 40.689344807630945, -73.80420033511498 40.68934788934322, -73.80420436500361 40.6879755076387, -73.80240146876282 40.68797242598935))",1.9391875,1,2024-01-23 17:30:00,New York City Police Department,Abandoned Vehicle,With License Plate,Street/Sidewalk,PINEGROVE STREET
Queens,39,"POLYGON ((-73.80240146876282 40.68797242598935, -73.80239740176701 40.689344807630945, -73.80420033511498 40.68934788934322, -73.80420436500361 40.6879755076387, -73.80240146876282 40.68797242598935))",1.9391875,1,2024-01-23 17:30:00,New York City Police Department,Abandoned Vehicle,With License Plate,Street/Sidewalk,PINEGROVE STREET
Brooklyn,142,"POLYGON ((-73.93601997464899 40.72387248144743, -73.93601865709432 40.72524485979507, -73.93782256572864 40.72524584805455, -73.93782384613581 40.72387346968676, -73.93601997464899 40.72387248144743))",-0.72155814,0,2024-03-17 09:00:00,New York City Police Department,Illegal Parking,Blocked Hydrant,Street/Sidewalk,APOLLO STREET
